,index,peptide,intensity,occurrence,protIndex,prot_total,score_0,score
0,0,APAQTAVVEYPGDIVVKPGQVLTPTQVKDEPCVK,80093.12,1,12482,12018069.62,0.006664391414966691,50.0
1,1,VRGGGTHR,5474654.0,1,649,71068403.0,0.07703358692329135,50.0
2,2,GHVSHGHGR,4800555.5,1,588,9867072.0,0.4865228002795561,100.0
3,3,KAAEAQRLR,228698.16,3,3064,-1.0,,
4,3,KAAEAQRLR,228698.16,3,5943,-1.0,,
5,3,KAAEAQRLR,228698.16,3,6807,-1.0,,
6,4,HVSIALGYR,1368396.6,1,4596,-1.0,,
7,5,KSTAQARR,817284.2,0,,,,
8,6,GNAGGMHHHR,5066516.5,1,588,9867072.0,0.5134771997204439,100.0
9,7,GKSELQTQSDSQR,77600000.0,1,2667,2198000000.0,0.03530482256596906,50.0
10,8,SPEAKAR,1099570.9,2,11796,147099570.9,0.007475010928125011,50.0
11,8,SPEAKAR,1099570.9,2,20082,147099570.9,0.007475010928125011,50.0
12,9,QQREQEER,2554197.8,1,1575,25353571.0,0.10074311819822146,50.0
13,10,MEASAKR,2153511.8,2,7241,-1.0,,
14,10,MEASAKR,2153511.8,2,18320,-1.0,,
15,11,VSQVSHK,811302.0,1,765,-1.0,,
16,12,VASVQHHK,1210658.2,1,3302,-1.0,,
17,13,KCAEENRK,9657905.0,7,2139,-1.0,,
18,13,KCAEENRK,9657905.0,7,6356,-1.0,,
19,13,KCAEENRK,9657905.0,7,8918,-1.0,,
20,13,KCAEENRK,9657905.0,7,8967,-1.0,,
21,13,KCAEENRK,9657905.0,7,9524,-1.0,,
22,13,KCAEENRK,9657905.0,7,9721,-1.0,,
23,13,KCAEENRK,9657905.0,7,10881,-1.0,,
24,14,YKTDKER,26200000.0,1,5727,1175500000.0,0.022288387920034028,50.0
25,15,RQNDIKK,16900000.0,1,2667,2198000000.0,0.007688808007279345,50.0
26,16,HNPPGTR,15500000.0,1,19143,-1.0,,
27,17,TKADGTPR,6065752.5,1,519,-1.0,,
28,18,VPSAGSGSR,289382.8,1,12123,-1.0,,
29,19,MFSHKFICGSLTK,721703.7,1,3230,-1.0,,
30,20,LVEINGQPR,759612.94,3,679,-1.0,,
31,20,LVEINGQPR,759612.94,3,8040,-1.0,,
32,20,LVEINGQPR,759612.94,3,9772,-1.0,,
33,21,KAEQGVR,2394591.8,3,4614,-1.0,,
34,21,KAEQGVR,2394591.8,3,11649,-1.0,,
35,21,KAEQGVR,2394591.8,3,15924,-1.0,,
36,22,HLDAGER,1883806.6,1,7545,-1.0,,
37,23,VFGGGSVGGGSR,78276.45,1,1027,-1.0,,
38,24,SNAFKDASK,112250.68,1,13209,-1.0,,
39,25,TKAVGNILR,355840.4,0,,,,
40,26,LYRERSQTAR,2571045.2,4,4166,-1.0,,
41,26,LYRERSQTAR,2571045.2,4,5082,-1.0,,
42,26,LYRERSQTAR,2571045.2,4,10933,-1.0,,
43,26,LYRERSQTAR,2571045.2,4,11018,-1.0,,
44,27,KAMVDAAR,178643.39,9,1521,14425460.16,0.01238389541952747,50.0
45,27,KAMVDAAR,178643.39,9,4071,14425460.16,0.01238389541952747,50.0
46,27,KAMVDAAR,178643.39,9,4472,14425460.16,0.01238389541952747,50.0
47,27,KAMVDAAR,178643.39,9,5434,14425460.16,0.01238389541952747,50.0
48,27,KAMVDAAR,178643.39,9,5462,14425460.16,0.01238389541952747,50.0
49,27,KAMVDAAR,178643.39,9,7282,14425460.16,0.01238389541952747,50.0
50,27,KAMVDAAR,178643.39,9,10100,14425460.16,0.01238389541952747,50.0
51,27,KAMVDAAR,178643.39,9,10478,14425460.16,0.01238389541952747,50.0
52,27,KAMVDAAR,178643.39,9,10526,14425460.16,0.01238389541952747,50.0
53,28,APRAPRAPR,425481.0,4,4612,-1.0,,
54,28,APRAPRAPR,425481.0,4,10408,-1.0,,
55,28,APRAPRAPR,425481.0,4,14725,-1.0,,
56,28,APRAPRAPR,425481.0,4,21176,-1.0,,
57,29,EDLAKANLPENR,154018.6,2,10834,1881650.4000000001,0.0818529308101016,50.0
58,29,EDLAKANLPENR,154018.6,2,19686,1881650.4000000001,0.0818529308101016,50.0
59,30,KRAANGR,25000000.0,1,1658,-1.0,,
60,31,KSNTPER,2319347.2,3,1070,-1.0,,
61,31,KSNTPER,2319347.2,3,9714,-1.0,,
62,31,KSNTPER,2319347.2,3,18961,-1.0,,
63,32,AHSNNDEVK,7340963.0,1,10109,-1.0,,
64,33,ANVSSHTSR,1343385.5,1,1140,12094688.5,0.11107235213209501,50.0
65,34,KTTTSTTAAR,1158238.6,1,18595,-1.0,,
66,35,HNSQVQER,2429829.2,1,16870,-1.0,,
67,36,AKGHYATSR,596423.5,4,3783,-1.0,,
68,36,AKGHYATSR,596423.5,4,7440,-1.0,,
69,36,AKGHYATSR,596423.5,4,16904,-1.0,,
70,36,AKGHYATSR,596423.5,4,20960,-1.0,,
71,37,QSLSGMGR,381520.34,3,8335,4743837.84,0.08042440590675841,50.0
72,37,QSLSGMGR,381520.34,3,17129,4743837.84,0.08042440590675841,50.0
73,37,QSLSGMGR,381520.34,3,20720,4743837.84,0.08042440590675841,50.0
74,38,TLAVLNPLR,417029.38,1,15602,-1.0,,
75,39,AKSHIER,136570.33,2,7662,-1.0,,
76,39,AKSHIER,136570.33,2,8985,-1.0,,
77,40,GYIGDTK,1377208.2,1,20437,-1.0,,
78,41,KYGQGSR,3339902.8,1,715,-1.0,,
79,42,SESSSQSSSHSSSQSTSNSSSNVQSK,7187178.0,1,2667,2198000000.0,0.0032698717015468607,50.0
80,43,DAGMSHSR,2900209.0,2,1795,-1.0,,
81,43,DAGMSHSR,2900209.0,2,5569,-1.0,,
82,44,HQSDRYAK,1391390.1,1,1051,-1.0,,
83,45,VRREPDSQR,1016885.6,1,1736,23138497.5,0.04394778010110639,50.0
84,46,YRQDDDQR,11800000.0,1,384,36690992.5,0.32160481894841086,100.0
85,47,KLMSNLR,70591.42,1,2859,-1.0,,
86,48,HMEALLQK,147338.52,1,14794,-1.0,,
87,49,KPGGGSNGPAK,248132.16,1,14215,-1.0,,
88,50,VRTQPGQNNR,3005523.2,23,3608,84500000.0,0.03556832189349113,50.0
89,50,VRTQPGQNNR,3005523.2,23,4462,84500000.0,0.03556832189349113,50.0
90,50,VRTQPGQNNR,3005523.2,23,4528,84500000.0,0.03556832189349113,50.0
91,50,VRTQPGQNNR,3005523.2,23,4774,84500000.0,0.03556832189349113,50.0
92,50,VRTQPGQNNR,3005523.2,23,5044,84500000.0,0.03556832189349113,50.0
93,50,VRTQPGQNNR,3005523.2,23,5129,84500000.0,0.03556832189349113,50.0
94,50,VRTQPGQNNR,3005523.2,23,5663,63000000.0,0.04770671746031746,50.0
95,50,VRTQPGQNNR,3005523.2,23,6369,84500000.0,0.03556832189349113,50.0
96,50,VRTQPGQNNR,3005523.2,23,6754,84500000.0,0.03556832189349113,50.0
97,50,VRTQPGQNNR,3005523.2,23,6981,84500000.0,0.03556832189349113,50.0
98,50,VRTQPGQNNR,3005523.2,23,7994,84500000.0,0.03556832189349113,50.0
99,50,VRTQPGQNNR,3005523.2,23,8406,84500000.0,0.03556832189349113,50.0
100,50,VRTQPGQNNR,3005523.2,23,8420,84500000.0,0.03556832189349113,50.0
101,50,VRTQPGQNNR,3005523.2,23,8567,84500000.0,0.03556832189349113,50.0
102,50,VRTQPGQNNR,3005523.2,23,9442,84500000.0,0.03556832189349113,50.0
103,50,VRTQPGQNNR,3005523.2,23,10725,84500000.0,0.03556832189349113,50.0
104,50,VRTQPGQNNR,3005523.2,23,10862,84500000.0,0.03556832189349113,50.0
105,50,VRTQPGQNNR,3005523.2,23,11278,63000000.0,0.04770671746031746,50.0
106,50,VRTQPGQNNR,3005523.2,23,11572,84500000.0,0.03556832189349113,50.0
107,50,VRTQPGQNNR,3005523.2,23,11591,84500000.0,0.03556832189349113,50.0
108,50,VRTQPGQNNR,3005523.2,23,11622,84500000.0,0.03556832189349113,50.0
109,50,VRTQPGQNNR,3005523.2,23,11662,84500000.0,0.03556832189349113,50.0
110,50,VRTQPGQNNR,3005523.2,23,11677,84500000.0,0.03556832189349113,50.0
111,51,TQSESKSESSSQSSSHSSSQSTSNSSSNVQSK,1972235.9,1,2667,2198000000.0,0.0008972865787079163,50.0
112,52,KNPAALAARR,125588.664,1,1581,-1.0,,
113,53,KAANPMSR,1440839.8,1,1834,-1.0,,
114,54,VDGHADAQSTR,10600000.0,23,3608,84500000.0,0.12544378698224853,50.0
115,54,VDGHADAQSTR,10600000.0,23,4462,84500000.0,0.12544378698224853,50.0
116,54,VDGHADAQSTR,10600000.0,23,4528,84500000.0,0.12544378698224853,50.0
117,54,VDGHADAQSTR,10600000.0,23,4774,84500000.0,0.12544378698224853,50.0
118,54,VDGHADAQSTR,10600000.0,23,5044,84500000.0,0.12544378698224853,50.0
119,54,VDGHADAQSTR,10600000.0,23,5129,84500000.0,0.12544378698224853,50.0
120,54,VDGHADAQSTR,10600000.0,23,5663,63000000.0,0.16825396825396827,50.0
121,54,VDGHADAQSTR,10600000.0,23,6369,84500000.0,0.12544378698224853,50.0
122,54,VDGHADAQSTR,10600000.0,23,6754,84500000.0,0.12544378698224853,50.0
123,54,VDGHADAQSTR,10600000.0,23,6981,84500000.0,0.12544378698224853,50.0
124,54,VDGHADAQSTR,10600000.0,23,7994,84500000.0,0.12544378698224853,50.0
125,54,VDGHADAQSTR,10600000.0,23,8406,84500000.0,0.12544378698224853,50.0
126,54,VDGHADAQSTR,10600000.0,23,8420,84500000.0,0.12544378698224853,50.0
127,54,VDGHADAQSTR,10600000.0,23,8567,84500000.0,0.12544378698224853,50.0
128,54,VDGHADAQSTR,10600000.0,23,9442,84500000.0,0.12544378698224853,50.0
129,54,VDGHADAQSTR,10600000.0,23,10725,84500000.0,0.12544378698224853,50.0
130,54,VDGHADAQSTR,10600000.0,23,10862,84500000.0,0.12544378698224853,50.0
131,54,VDGHADAQSTR,10600000.0,23,11278,63000000.0,0.16825396825396827,50.0
132,54,VDGHADAQSTR,10600000.0,23,11572,84500000.0,0.12544378698224853,50.0
133,54,VDGHADAQSTR,10600000.0,23,11591,84500000.0,0.12544378698224853,50.0
134,54,VDGHADAQSTR,10600000.0,23,11622,84500000.0,0.12544378698224853,50.0
135,54,VDGHADAQSTR,10600000.0,23,11662,84500000.0,0.12544378698224853,50.0
136,54,VDGHADAQSTR,10600000.0,23,11677,84500000.0,0.12544378698224853,50.0
137,55,LTQATRR,85493.27,1,7514,-1.0,,
138,56,AKQAITK,3099237.0,1,11014,-1.0,,
139,57,RRQEEVQR,7051734.0,1,8612,19587767.5,0.3600070298976134,100.0
140,58,HALKFKR,2096511.9,1,16173,-1.0,,
141,59,MRHRDPR,3774308.5,1,15034,-1.0,,
142,60,ADETPDQHGR,792090.1,4,7050,3604177.1,0.21977002739404786,100.0
143,60,ADETPDQHGR,792090.1,4,7405,3604177.1,0.21977002739404786,100.0
144,60,ADETPDQHGR,792090.1,4,9869,3604177.1,0.21977002739404786,100.0
145,60,ADETPDQHGR,792090.1,4,9949,3604177.1,0.21977002739404786,100.0
146,61,LQREEQQR,851800.56,2,17210,-1.0,,
147,61,LQREEQQR,851800.56,2,17796,-1.0,,
148,62,RQTHIHR,1238007.2,2,6073,-1.0,,
149,62,RQTHIHR,1238007.2,2,17724,-1.0,,
150,63,HRAEKAYK,621429.1,1,13472,-1.0,,
151,64,TFVMRKER,920175.4,1,13295,-1.0,,
152,65,KAYEALLR,608953.3,2,3961,-1.0,,
153,65,KAYEALLR,608953.3,2,7207,-1.0,,
154,66,IEHIHHSK,1252249.1,1,15929,-1.0,,
155,67,MDASERGR,8065745.0,1,18986,24765745.0,0.3256815007987848,100.0
156,68,TSSSSSHSNSQNSQSSSSQSSQASQSEAQR,26300000.0,1,2667,2198000000.0,0.011965423111919928,50.0
157,69,RQEEVQR,6323213.0,1,8612,19587767.5,0.3228143789229681,100.0
158,70,GHVKPVR,4312120.5,1,270,4425843.47,0.9743047916694624,100.0
159,71,DSTDVSRDQQK,1234497.6,1,1762,-1.0,,
160,72,RASSSAATPSTAR,440769.62,1,19487,-1.0,,
161,73,LRHSQVR,5165454.5,1,759,-1.0,,
162,74,YDSNSGGER,540760.9,1,46,-1.0,,
163,75,AHAHIDTK,2070879.2,1,19723,-1.0,,
164,76,TGQQGSVTSR,2790928.0,1,420,-1.0,,
165,77,KAGESTMR,365332.56,1,2816,-1.0,,
166,78,PINNSIK,475002.62,1,18480,-1.0,,
167,79,EGHVVSR,16700000.0,1,20105,34700000.0,0.4812680115273775,100.0
168,80,EEAQLLSSVR,65224.617,1,14860,-1.0,,
169,81,KLTNEQR,3075985.2,1,1423,37775985.2,0.08142700140617379,50.0
170,82,QLADLQR,386030.72,1,3215,-1.0,,
171,83,KDAVAQQER,79782.36,1,1736,23138497.5,0.00344803546556988,50.0
172,84,RMDASER,16700000.0,1,18986,24765745.0,0.6743184992012152,100.0
173,85,ESEMQQK,9366010.0,1,18461,-1.0,,
174,86,TINLSNIANHVHLESK,139222.47,1,2333,-1.0,,
175,87,GKTAQEMR,37500000.0,2,3941,69536229.0,0.5392872253685198,100.0
176,87,GKTAQEMR,37500000.0,2,8998,69536229.0,0.5392872253685198,100.0
177,88,INHVVHK,666142.9,1,8104,-1.0,,
178,89,LHEKEDGSVK,633156.0,1,12369,-1.0,,
179,90,SHLDSANR,2836353.8,2,1069,-1.0,,
180,90,SHLDSANR,2836353.8,2,1259,3861455.0999999996,0.7345297890424778,100.0
181,91,ANFSEHKR,1472680.5,2,10470,247908323.7,0.005940423774484181,50.0
182,91,ANFSEHKR,1472680.5,2,15667,247908323.7,0.005940423774484181,50.0
183,92,IQTENDQK,94200000.0,1,2667,2198000000.0,0.04285714285714286,50.0
184,93,VTTEEGR,322790.5,1,13685,-1.0,,
185,94,KSAPATGGVK,27400000.0,1,3158,-1.0,,
186,95,KMQPPPR,51838.1,1,16990,-1.0,,
187,96,THADEREMR,4092745.5,1,4943,-1.0,,
188,97,QSARLVFNEDDAKPK,400793.53,5,228,-1.0,,
189,97,QSARLVFNEDDAKPK,400793.53,5,4630,-1.0,,
190,97,QSARLVFNEDDAKPK,400793.53,5,4790,-1.0,,
191,97,QSARLVFNEDDAKPK,400793.53,5,5546,-1.0,,
192,97,QSARLVFNEDDAKPK,400793.53,5,9575,-1.0,,
193,98,LVEKHPDGGR,3266151.5,1,397,36666151.5,0.08907811063836356,50.0
194,99,VTRGDYQK,865868.8,1,1749,3879721.5999999996,0.22317807545778545,100.0
195,100,REEAVTR,11800000.0,1,18686,-1.0,,
196,101,YVDEASKK,631865.6,1,958,-1.0,,
197,102,TAAAQPSGSSLR,82977.99,3,9110,-1.0,,
198,102,TAAAQPSGSSLR,82977.99,3,9130,-1.0,,
199,102,TAAAQPSGSSLR,82977.99,3,14895,-1.0,,
200,103,RVENHWR,68805.06,1,2111,-1.0,,
201,104,LAADTGKGGQR,3998204.2,2,2428,187698204.2,0.021301238427085603,50.0
202,104,LAADTGKGGQR,3998204.2,2,10861,187698204.2,0.021301238427085603,50.0
203,105,LKVQHRSSTR,184911.7,2,7887,-1.0,,
204,105,LKVQHRSSTR,184911.7,2,19333,-1.0,,
205,106,ITSNVMK,1348010.2,4,4691,-1.0,,
206,106,ITSNVMK,1348010.2,4,5170,-1.0,,
207,106,ITSNVMK,1348010.2,4,7686,-1.0,,
208,106,ITSNVMK,1348010.2,4,14370,-1.0,,
209,107,VAHQFGKK,60100000.0,1,19753,1430100000.0,0.04202503321446053,50.0
210,108,SQAAEHAVR,606774.4,2,3640,-1.0,,
211,108,SQAAEHAVR,606774.4,2,11844,-1.0,,
212,109,KAIDAER,5300686.5,3,8218,-1.0,,
213,109,KAIDAER,5300686.5,3,9101,-1.0,,
214,109,KAIDAER,5300686.5,3,13287,-1.0,,
215,110,LQQETQR,1727631.8,2,10834,1881650.4000000001,0.9181470691898983,100.0
216,110,LQQETQR,1727631.8,2,19686,1881650.4000000001,0.9181470691898983,100.0
217,111,RDPHGQEMR,1391907.1,1,1334,-1.0,,
218,112,SKDPEGLR,1249384.5,1,3069,-1.0,,
219,113,GGNSQGGGGGGGGGGGYSR,657267.3,2,2563,2092072.1,0.31417048198291064,100.0
220,113,GGNSQGGGGGGGGGGGYSR,657267.3,2,6550,2092072.1,0.31417048198291064,100.0
221,114,TEASFLHR,3164732.5,1,11940,-1.0,,
222,115,KPSKPGR,273952.12,1,12479,-1.0,,
223,116,FSMPLMMAFPIGR,298451.38,1,4073,-1.0,,
224,117,GNHQLSENR,2636104.8,1,9648,-1.0,,
225,118,EGSYGNQSR,3799377.0,5,4348,10523301.5,0.36104420271527904,100.0
226,118,EGSYGNQSR,3799377.0,5,5816,10523301.5,0.36104420271527904,100.0
227,118,EGSYGNQSR,3799377.0,5,9947,10523301.5,0.36104420271527904,100.0
228,118,EGSYGNQSR,3799377.0,5,11269,10523301.5,0.36104420271527904,100.0
229,118,EGSYGNQSR,3799377.0,5,17501,10523301.5,0.36104420271527904,100.0
230,119,SSTTANALDR,3538080.5,2,10106,-1.0,,
231,119,SSTTANALDR,3538080.5,2,11054,-1.0,,
232,120,SETVRPR,5411926.5,0,,,,
233,121,AKTAQEMR,500332.06,1,6624,216792028.06,0.002307889568068096,50.0
234,122,PAPTPTAR,77348.75,0,,,,
235,123,RLEPHER,3375109.8,2,8364,-1.0,,
236,123,RLEPHER,3375109.8,2,18175,-1.0,,
237,124,QNHEMSAENR,3023716.2,1,2591,-1.0,,
238,125,RWSSTSDVR,908646.0,1,5028,-1.0,,
239,126,NFPDPER,4852721.0,1,2597,-1.0,,
240,127,THTTAVSAR,2139138.0,1,448,-1.0,,
241,128,QVAQQEAQR,2768192.8,3,4095,-1.0,,
242,128,QVAQQEAQR,2768192.8,3,7704,-1.0,,
243,128,QVAQQEAQR,2768192.8,3,19205,-1.0,,
244,129,MASNATGTR,685565.9,1,15170,-1.0,,
245,130,GGGGGGGGGGGNVQPR,1434804.8,2,2563,2092072.1,0.6858295180170894,100.0
246,130,GGGGGGGGGGGNVQPR,1434804.8,2,6550,2092072.1,0.6858295180170894,100.0
247,131,HEDSDIR,26900000.0,6,4270,94700000.0,0.2840549102428722,100.0
248,131,HEDSDIR,26900000.0,6,12460,42800000.0,0.6285046728971962,100.0
249,131,HEDSDIR,26900000.0,6,15387,94700000.0,0.2840549102428722,100.0
250,131,HEDSDIR,26900000.0,6,15417,94700000.0,0.2840549102428722,100.0
251,131,HEDSDIR,26900000.0,6,15691,94700000.0,0.2840549102428722,100.0
252,131,HEDSDIR,26900000.0,6,20932,94700000.0,0.2840549102428722,100.0
253,132,GVLTAHMRR,220165.8,1,16856,-1.0,,
254,133,QHQESLNQQH,6212820.5,1,8612,19587767.5,0.3171785911794185,100.0
255,134,MSSAAKKR,9011706.0,1,12371,-1.0,,
256,135,TIMTSVGR,226844.19,7,4013,-1.0,,
257,135,TIMTSVGR,226844.19,7,5551,-1.0,,
258,135,TIMTSVGR,226844.19,7,5836,-1.0,,
259,135,TIMTSVGR,226844.19,7,5958,-1.0,,
260,135,TIMTSVGR,226844.19,7,7928,-1.0,,
261,135,TIMTSVGR,226844.19,7,10225,-1.0,,
262,135,TIMTSVGR,226844.19,7,15554,-1.0,,
263,136,WKGYMFGRR,2923304.5,2,4953,-1.0,,
264,136,WKGYMFGRR,2923304.5,2,18193,-1.0,,
265,137,TSPSDSKSSK,590028.7,0,,,,
266,138,EKIEALQR,11200000.0,1,17735,-1.0,,
267,139,QAKALVDVLR,316905.1,3,1680,8260312.6,0.03836478295022394,50.0
268,139,QAKALVDVLR,316905.1,3,4947,8260312.6,0.03836478295022394,50.0
269,139,QAKALVDVLR,316905.1,3,16042,8260312.6,0.03836478295022394,50.0
270,140,TTAKSAGASVGR,12500000.0,1,16478,-1.0,,
271,141,TLPESGR,249767.67,1,13280,-1.0,,
272,142,HGRPGIGATHSSR,1535439.2,2,15684,-1.0,,
273,142,HGRPGIGATHSSR,1535439.2,2,20104,-1.0,,
274,143,FGLSQISSAR,682492.8,2,4768,-1.0,,
275,143,FGLSQISSAR,682492.8,2,7194,-1.0,,
276,144,KVLNVYR,2973440.5,2,3563,-1.0,,
277,144,KVLNVYR,2973440.5,2,5022,-1.0,,
278,145,EFATKDIR,7702261.5,1,10830,-1.0,,
279,146,VPQEQER,8297541.0,1,1854,30897541.0,0.2685502059856478,100.0
280,147,RPSGTAQGSK,19900000.0,1,17065,-1.0,,
281,148,LQSQLQSQNR,89300000.0,1,5727,1175500000.0,0.07596767333049766,50.0
282,149,EVTVTDAKNK,7368604.0,1,713,-1.0,,
283,150,GPFVSLSEPR,547320.4,4,4064,-1.0,,
284,150,GPFVSLSEPR,547320.4,4,4461,-1.0,,
285,150,GPFVSLSEPR,547320.4,4,7539,-1.0,,
286,150,GPFVSLSEPR,547320.4,4,9176,-1.0,,
287,151,SAVNHASGVR,5424406.5,2,12348,-1.0,,
288,151,SAVNHASGVR,5424406.5,2,13291,-1.0,,
289,152,IQTTSPEKFR,564472.5,5,5223,-1.0,,
290,152,IQTTSPEKFR,564472.5,5,6902,-1.0,,
291,152,IQTTSPEKFR,564472.5,5,10065,-1.0,,
292,152,IQTTSPEKFR,564472.5,5,13773,-1.0,,
293,152,IQTTSPEKFR,564472.5,5,13985,-1.0,,
294,153,TGAAKLPQQR,992076.1,1,19508,-1.0,,
295,154,ESLQHNPQR,22500000.0,1,14970,-1.0,,
296,155,GKSELQTQSDSQRR,63000000.0,1,2667,2198000000.0,0.028662420382165606,50.0
297,156,RLPNNSGDGR,3437020.5,1,12482,12018069.62,0.28598773419320567,100.0
298,157,QGQEGGYQQRPSGQQQGGHQQGR,1777811.2,5,2920,5333433.6,0.33333333333333337,100.0
299,157,QGQEGGYQQRPSGQQQGGHQQGR,1777811.2,5,2920,5333433.6,0.33333333333333337,100.0
300,157,QGQEGGYQQRPSGQQQGGHQQGR,1777811.2,5,2920,5333433.6,0.33333333333333337,100.0
301,157,QGQEGGYQQRPSGQQQGGHQQGR,1777811.2,5,2920,5333433.6,0.33333333333333337,100.0
302,157,QGQEGGYQQRPSGQQQGGHQQGR,1777811.2,5,2920,5333433.6,0.33333333333333337,100.0
303,158,MDINVVQER,3080554.0,6,7920,-1.0,,
304,158,MDINVVQER,3080554.0,6,8105,-1.0,,
305,158,MDINVVQER,3080554.0,6,8817,-1.0,,
306,158,MDINVVQER,3080554.0,6,9742,-1.0,,
307,158,MDINVVQER,3080554.0,6,10363,-1.0,,
308,158,MDINVVQER,3080554.0,6,11598,-1.0,,
309,159,LHNISNK,37600000.0,1,4487,98606487.06,0.38131365512617016,100.0
310,160,FTDTRKDEQER,2627561.5,1,1562,-1.0,,
311,161,TVLGTESAPR,3214046.8,1,5919,-1.0,,
312,162,TKDHVDYNR,7731367.5,1,6615,-1.0,,
313,163,QFLPIFLRAPK,1452805.0,1,2429,-1.0,,
314,164,QHMLTAHSGRR,142890.45,1,14247,-1.0,,
315,165,LIHQASGR,13200000.0,1,1530,-1.0,,
316,166,PEYKDHFR,248041.56,1,14015,52048041.56,0.00476562715071733,50.0
317,167,ELDDKSASQSQSESK,21000000.0,1,2667,2198000000.0,0.009554140127388535,50.0
318,168,GTARGSNRDR,173974.48,2,169,-1.0,,
319,168,GTARGSNRDR,173974.48,2,10571,-1.0,,
320,169,HPYAEER,1248066.9,1,2866,-1.0,,
321,170,GKSQLQLR,1551999.8,1,1208,-1.0,,
322,171,VDNDDQPSTSR,2665819.5,1,19566,-1.0,,
323,172,AQVGPASK,10000000.0,1,19069,12113615.5,0.8255173692775704,100.0
324,173,TSSSSSHSNSQNSQSSSSQSSQASQSEAQRQEAGNR,4033831.0,1,2667,2198000000.0,0.0018352279344858963,50.0
325,174,IQTENDQKTSSSSSHSNSQNSQSSSSQSSQASQSEAQR,14700000.0,1,2667,2198000000.0,0.006687898089171975,50.0
326,175,KDKAHTAK,186924.11,1,1752,-1.0,,
327,176,KSSGEKQR,394019.88,0,,,,
328,177,PTKTFNGFAFEFNSLVSSGR,3905802.0,1,18715,-1.0,,
329,178,SWSKDQR,5766451.0,5,4270,94700000.0,0.06089177402323126,50.0
330,178,SWSKDQR,5766451.0,5,15387,94700000.0,0.06089177402323126,50.0
331,178,SWSKDQR,5766451.0,5,15417,94700000.0,0.06089177402323126,50.0
332,178,SWSKDQR,5766451.0,5,15691,94700000.0,0.06089177402323126,50.0
333,178,SWSKDQR,5766451.0,5,20932,94700000.0,0.06089177402323126,50.0
334,179,LPNNSGDGR,8500956.0,1,12482,12018069.62,0.7073478743918277,100.0
335,180,KFNTEQTK,6636229.0,2,3941,69536229.0,0.09543556064853617,50.0
336,180,KFNTEQTK,6636229.0,2,8998,69536229.0,0.09543556064853617,50.0
337,181,RGYVAGDSK,7408699.0,2,1561,25092939.5,0.29525034322901866,100.0
338,181,RGYVAGDSK,7408699.0,2,2456,25092939.5,0.29525034322901866,100.0
339,182,QSQLQSQR,715000000.0,1,16301,2914000000.0,0.2453671928620453,100.0
340,183,SQAEISK,110000000.0,1,2667,2198000000.0,0.05004549590536852,50.0
341,184,PKTTPRR,14100000.0,1,5664,-1.0,,
342,185,RYPSGEER,9007530.0,1,3259,12337938.0,0.7300676985084542,100.0
343,186,QLKAEKLK,29400000.0,1,358,-1.0,,
344,187,ALSGSHQVR,42800000.0,1,2546,-1.0,,
345,188,NQGSNQSALK,25600000.0,1,1500,304300000.0,0.08412750575090372,50.0
346,189,GSQSQLQSQNR,1060000000.0,1,5727,1175500000.0,0.9017439387494683,100.0
347,190,RGQAALAR,14500000.0,1,569,15850512.0,0.914796947884081,100.0
348,191,AALAAEKR,17300000.0,1,649,71068403.0,0.24342744834156468,100.0
349,192,SPGMNDR,9472568.0,1,18765,-1.0,,
350,193,RTPLQFSR,1075721.6,0,,,,
351,194,VQSSGYR,10700000.0,11,5587,-1.0,,
352,194,VQSSGYR,10700000.0,11,6348,-1.0,,
353,194,VQSSGYR,10700000.0,11,10719,-1.0,,
354,194,VQSSGYR,10700000.0,11,11326,-1.0,,
355,194,VQSSGYR,10700000.0,11,13135,-1.0,,
356,194,VQSSGYR,10700000.0,11,13286,-1.0,,
357,194,VQSSGYR,10700000.0,11,15354,-1.0,,
358,194,VQSSGYR,10700000.0,11,15501,-1.0,,
359,194,VQSSGYR,10700000.0,11,15515,-1.0,,
360,194,VQSSGYR,10700000.0,11,17170,-1.0,,
361,194,VQSSGYR,10700000.0,11,20706,-1.0,,
362,195,QNEYEGSR,3890309.5,1,1412,-1.0,,
363,196,GGGAGGGGGGGAEK,639399.9,1,16787,-1.0,,
364,197,VAHQFGK,1370000000.0,1,19753,1430100000.0,0.9579749667855395,100.0
365,198,SELQTQSDSQRR,116000000.0,1,2667,2198000000.0,0.052775250227479524,50.0
366,199,IQSVETR,359120.34,2,11714,-1.0,,
367,199,IQSVETR,359120.34,2,18025,-1.0,,
368,200,YEATTDR,8509073.0,1,5879,-1.0,,
369,201,QLQSNGEPAYR,4010187.0,1,2239,-1.0,,
370,202,ATDLHEEQDR,1670741.2,3,14377,9327365.0,0.1791225281738197,50.0
371,202,ATDLHEEQDR,1670741.2,3,15871,9327365.0,0.1791225281738197,50.0
372,202,ATDLHEEQDR,1670741.2,3,16887,9327365.0,0.1791225281738197,50.0
373,203,LQQELKK,285000000.0,1,2667,2198000000.0,0.12966333030027297,50.0
374,204,KLTEVQQK,51800000.0,1,2667,2198000000.0,0.02356687898089172,50.0
375,205,SGTHNMYR,46400000.0,1,32,-1.0,,
376,206,KAEMATR,555690.5,1,10170,-1.0,,
377,207,GRGGQSGGGVRGVGGGGGGGPGGR,5111643.5,3,6772,-1.0,,
378,207,GRGGQSGGGVRGVGGGGGGGPGGR,5111643.5,3,11186,-1.0,,
379,207,GRGGQSGGGVRGVGGGGGGGPGGR,5111643.5,3,14251,-1.0,,
380,208,GGNVGDAGGAADR,9527960.0,2,3526,18049319.0,0.5278847362606867,100.0
381,208,GGNVGDAGGAADR,9527960.0,2,7490,18049319.0,0.5278847362606867,100.0
382,209,QLTASYSDGQLSPR,1086259.8,1,2813,-1.0,,
383,210,TVATVSPNVGLIGWR,2020384.8,1,18331,-1.0,,
384,211,KVDGQISPR,24200000.0,1,18340,85100000.0,0.28437132784958874,100.0
385,212,AAHDSELGAK,4291696.0,1,6624,216792028.06,0.019796373687745648,50.0
386,213,CNVNPAR,1350512.0,2,569,15850512.0,0.08520305211591903,50.0
387,213,CNVNPAR,1350512.0,2,8247,-1.0,,
388,214,ESEQYDR,547375.8,1,20883,-1.0,,
389,215,SSTISYPSR,158000000.0,4,3209,-1.0,,
390,215,SSTISYPSR,158000000.0,4,5473,-1.0,,
391,215,SSTISYPSR,158000000.0,4,6709,-1.0,,
392,215,SSTISYPSR,158000000.0,4,6798,-1.0,,
393,216,EQQAQESINKQQSSSAGSSSQTK,2143043.5,1,2667,2198000000.0,0.0009749970427661511,50.0
394,217,TGGAAGITAR,423987.47,1,332,-1.0,,
395,218,HVENAYER,8962927.0,1,4290,-1.0,,
396,219,VNVAAPPKLDK,609731.75,2,10923,-1.0,,
397,219,VNVAAPPKLDK,609731.75,2,13013,-1.0,,
398,220,YHTNPQVR,2729809.8,2,2419,7377585.8,0.3700139685261268,100.0
399,220,YHTNPQVR,2729809.8,2,8937,7377585.8,0.3700139685261268,100.0
400,221,TEAKPVSK,1405102.2,0,,,,
401,222,LGVHEDSNNR,6069160.0,1,2202,76169160.0,0.0796800174768896,50.0
402,223,LTGVTGTALPNPR,421679.6,1,18400,-1.0,,
403,224,EQQAQESINK,7085317.0,1,2667,2198000000.0,0.0032235291173794357,50.0
404,225,VAAASASNR,27900000.0,3,5257,28009104.04,0.9961046936794484,100.0
405,225,VAAASASNR,27900000.0,3,15030,-1.0,,
406,225,VAAASASNR,27900000.0,3,17356,-1.0,,
407,226,KASDDAESK,495122.75,1,1748,-1.0,,
408,227,IQTENDQKTSSSSSHSNSQNSQSSSSQSSQASQSEAQRQEAGNR,863054.3,1,2667,2198000000.0,0.0003926543676069154,50.0
409,228,ASSVLWVPDHAVSR,38200000.0,2,12461,-1.0,,
410,228,ASSVLWVPDHAVSR,38200000.0,2,19627,-1.0,,
411,229,LASSSAPR,92400000.0,1,16094,-1.0,,
412,230,KNPPTNGYR,444661.53,1,2631,-1.0,,
413,231,LQTDREVR,2856215.8,1,13937,4073602.9,0.70115224044052,100.0
414,232,ESLRDWLR,102617.24,3,2140,-1.0,,
415,232,ESLRDWLR,102617.24,3,4579,-1.0,,
416,232,ESLRDWLR,102617.24,3,6100,-1.0,,
417,233,SKYESDGVAR,999969.6,9,1521,14425460.16,0.06931977135625737,50.0
418,233,SKYESDGVAR,999969.6,9,4071,14425460.16,0.06931977135625737,50.0
419,233,SKYESDGVAR,999969.6,9,4472,14425460.16,0.06931977135625737,50.0
420,233,SKYESDGVAR,999969.6,9,5434,14425460.16,0.06931977135625737,50.0
421,233,SKYESDGVAR,999969.6,9,5462,14425460.16,0.06931977135625737,50.0
422,233,SKYESDGVAR,999969.6,9,7282,14425460.16,0.06931977135625737,50.0
423,233,SKYESDGVAR,999969.6,9,10100,14425460.16,0.06931977135625737,50.0
424,233,SKYESDGVAR,999969.6,9,10478,14425460.16,0.06931977135625737,50.0
425,233,SKYESDGVAR,999969.6,9,10526,14425460.16,0.06931977135625737,50.0
426,234,TAVLSQQTR,158804.67,1,6464,-1.0,,
427,235,PLLDDENYTR,963947.25,2,14441,-1.0,,
428,235,PLLDDENYTR,963947.25,2,17760,-1.0,,
429,236,NLETENSR,1398603.8,1,2108,-1.0,,
430,237,DTEAVGGER,4437074.0,3,1362,6537731.8,0.6786870639141239,100.0
431,237,DTEAVGGER,4437074.0,3,6333,6537731.8,0.6786870639141239,100.0
432,237,DTEAVGGER,4437074.0,3,11119,6537731.8,0.6786870639141239,100.0
433,238,GYVAGDSK,3284240.5,2,1561,25092939.5,0.13088305178434753,50.0
434,238,GYVAGDSK,3284240.5,2,2456,25092939.5,0.13088305178434753,50.0
435,239,DSHGVAQVR,42500000.0,1,650,-1.0,,
436,240,SASANATVER,18525.926,1,3460,-1.0,,
437,241,TVITLMGGR,17900.492,4,4334,-1.0,,
438,241,TVITLMGGR,17900.492,4,6940,-1.0,,
439,241,TVITLMGGR,17900.492,4,18244,-1.0,,
440,241,TVITLMGGR,17900.492,4,20003,-1.0,,
441,242,YIDTEHGGSQAR,7357553.0,3,10842,-1.0,,
442,242,YIDTEHGGSQAR,7357553.0,3,17548,-1.0,,
443,242,YIDTEHGGSQAR,7357553.0,3,18543,-1.0,,
444,243,KVRASGR,24205.025,6,2734,622968.275,0.03885434615430457,50.0
445,243,KVRASGR,24205.025,6,4457,622968.275,0.03885434615430457,50.0
446,243,KVRASGR,24205.025,6,4631,622968.275,0.03885434615430457,50.0
447,243,KVRASGR,24205.025,6,6148,622968.275,0.03885434615430457,50.0
448,243,KVRASGR,24205.025,6,6801,622968.275,0.03885434615430457,50.0
449,243,KVRASGR,24205.025,6,9639,622968.275,0.03885434615430457,50.0
450,244,GCTSATTEIK,917869.6,1,18519,-1.0,,
451,245,KAIDGTEK,1173334.4,2,18246,-1.0,,
452,245,KAIDGTEK,1173334.4,2,20709,-1.0,,
453,246,NYVENRPR,1749772.2,1,181,-1.0,,
454,247,ERRAILER,154418.36,1,2589,-1.0,,
455,248,GYKDEEMGK,2066374.6,1,10200,-1.0,,
456,249,KAIAAER,459818.25,1,136,-1.0,,
457,250,EQLGSAAGR,1746157.0,1,8568,-1.0,,
458,251,KGNFGKR,34934.68,1,14005,-1.0,,
459,252,NLPGHAMGHR,22600000.0,1,12883,-1.0,,
460,253,STVFINSR,310427.3,1,18046,-1.0,,
461,254,YSQTIGGSRR,18700000.0,1,738,118700000.0,0.15754001684919966,50.0
462,255,ELANQLKQK,948453.3,1,874,-1.0,,
463,256,AVSTPGHSEVR,14000000.0,1,20652,-1.0,,
464,257,SSYHIQK,19100000.0,1,191,-1.0,,
465,258,KDMDDYSR,5683850.0,1,2411,211600000.0,0.026861294896030247,50.0
466,259,LAKVDCTEAGK,2113615.5,1,19069,12113615.5,0.17448263072242964,50.0
467,260,QLDETANR,12100000.0,4,504,-1.0,,
468,260,QLDETANR,12100000.0,4,5605,-1.0,,
469,260,QLDETANR,12100000.0,4,7463,-1.0,,
470,260,QLDETANR,12100000.0,4,10091,-1.0,,
471,261,LTIDKGTSAR,225953.7,1,7976,-1.0,,
472,262,AREYFGPTHQK,185783.4,2,6670,-1.0,,
473,262,AREYFGPTHQK,185783.4,2,15549,-1.0,,
474,263,SFANDSR,2667626.5,1,19471,-1.0,,
475,264,QYDGTQPDGR,13100000.0,1,16897,-1.0,,
476,265,QPGAGGAGVESR,3009642.8,2,3108,7995356.8,0.3764238263888361,100.0
477,265,QPGAGGAGVESR,3009642.8,2,8572,7995356.8,0.3764238263888361,100.0
478,266,IGFNPPAVER,632339.2,1,18316,-1.0,,
479,267,LAGDASGDPR,15200000.0,1,8517,38700000.0,0.39276485788113696,100.0
480,268,TPQTIQR,29100000.0,1,1938,-1.0,,
481,269,SELQTQSDSQR,546000000.0,1,2667,2198000000.0,0.2484076433121019,100.0
482,270,AQKLAAAR,144000000.0,1,6344,147178871.8,0.9784013033859932,100.0
483,271,KAEDPRK,27900000.0,1,4737,-1.0,,
484,272,QISAAVLK,222000000.0,1,4582,-1.0,,
485,273,YAEGLRK,57700000.0,1,17200,-1.0,,
486,274,AQSTLESQR,3357859.0,1,2808,-1.0,,
487,275,YGASLRK,11700000.0,1,3500,-1.0,,
488,276,AGETLHGHR,303983.44,1,20863,-1.0,,
489,277,SLGVDKER,2867481.5,1,3547,-1.0,,
490,278,GGQGDRGQGGGGWGGQNR,2452637.5,1,63,-1.0,,
491,279,VSMHPGPR,4329474.5,4,3626,-1.0,,
492,279,VSMHPGPR,4329474.5,4,6023,-1.0,,
493,279,VSMHPGPR,4329474.5,4,9982,-1.0,,
494,279,VSMHPGPR,4329474.5,4,14094,-1.0,,
495,280,LAHTSLR,204598.73,1,18587,-1.0,,
496,281,NIHEIEKAR,225490.56,9,1521,14425460.16,0.015631429257643867,50.0
497,281,NIHEIEKAR,225490.56,9,4071,14425460.16,0.015631429257643867,50.0
498,281,NIHEIEKAR,225490.56,9,4472,14425460.16,0.015631429257643867,50.0
499,281,NIHEIEKAR,225490.56,9,5434,14425460.16,0.015631429257643867,50.0
500,281,NIHEIEKAR,225490.56,9,5462,14425460.16,0.015631429257643867,50.0
501,281,NIHEIEKAR,225490.56,9,7282,14425460.16,0.015631429257643867,50.0
502,281,NIHEIEKAR,225490.56,9,10100,14425460.16,0.015631429257643867,50.0
503,281,NIHEIEKAR,225490.56,9,10478,14425460.16,0.015631429257643867,50.0
504,281,NIHEIEKAR,225490.56,9,10526,14425460.16,0.015631429257643867,50.0
505,282,EAKLTAAQR,11800000.0,1,813,-1.0,,
506,283,QEPETPGTR,293709.38,13,1392,1890456.38,0.15536427240918407,50.0
507,283,QEPETPGTR,293709.38,13,4336,1890456.38,0.15536427240918407,50.0
508,283,QEPETPGTR,293709.38,13,4795,1890456.38,0.15536427240918407,50.0
509,283,QEPETPGTR,293709.38,13,5033,1890456.38,0.15536427240918407,50.0
510,283,QEPETPGTR,293709.38,13,5083,1890456.38,0.15536427240918407,50.0
511,283,QEPETPGTR,293709.38,13,5697,1890456.38,0.15536427240918407,50.0
512,283,QEPETPGTR,293709.38,13,6417,1890456.38,0.15536427240918407,50.0
513,283,QEPETPGTR,293709.38,13,7848,1890456.38,0.15536427240918407,50.0
514,283,QEPETPGTR,293709.38,13,8317,1890456.38,0.15536427240918407,50.0
515,283,QEPETPGTR,293709.38,13,9570,1890456.38,0.15536427240918407,50.0
516,283,QEPETPGTR,293709.38,13,9983,1890456.38,0.15536427240918407,50.0
517,283,QEPETPGTR,293709.38,13,10866,1890456.38,0.15536427240918407,50.0
518,283,QEPETPGTR,293709.38,13,11148,1890456.38,0.15536427240918407,50.0
519,284,VYHDRQPGAGGAGVESR,4985714.0,2,3108,7995356.8,0.6235761736111639,100.0
520,284,VYHDRQPGAGGAGVESR,4985714.0,2,8572,7995356.8,0.6235761736111639,100.0
521,285,AINSHPMGR,23400000.0,1,16685,-1.0,,
522,286,KSAYNAPR,414587.78,4,7718,-1.0,,
523,286,KSAYNAPR,414587.78,4,8267,-1.0,,
524,286,KSAYNAPR,414587.78,4,8435,-1.0,,
525,286,KSAYNAPR,414587.78,4,18294,-1.0,,
526,287,ILASQNAK,7860442.0,1,12689,-1.0,,
527,288,GSGGPGGAYGSGR,4666642.0,7,3141,-1.0,,
528,288,GSGGPGGAYGSGR,4666642.0,7,3899,-1.0,,
529,288,GSGGPGGAYGSGR,4666642.0,7,4912,-1.0,,
530,288,GSGGPGGAYGSGR,4666642.0,7,5465,-1.0,,
531,288,GSGGPGGAYGSGR,4666642.0,7,12144,-1.0,,
532,288,GSGGPGGAYGSGR,4666642.0,7,13021,-1.0,,
533,288,GSGGPGGAYGSGR,4666642.0,7,20936,-1.0,,
534,289,AVLDAHQR,387465.16,3,7444,-1.0,,
535,289,AVLDAHQR,387465.16,3,12808,-1.0,,
536,289,AVLDAHQR,387465.16,3,16030,-1.0,,
537,290,LAHQNGFR,6663524.0,1,113,-1.0,,
538,291,KASPARTPR,8507042.0,1,10172,-1.0,,
539,292,VMTDEEGR,4973865.0,1,912,8453746.2,0.5883622340117095,100.0
540,293,IDQGHHMNYAR,16000000.0,1,2957,111600000.0,0.14336917562724014,50.0
541,294,NSLATTAVAAPR,237222.9,2,8155,-1.0,,
542,294,NSLATTAVAAPR,237222.9,2,17767,-1.0,,
543,295,KALMHFR,1830013.8,1,6164,-1.0,,
544,296,IGAGIHTK,23700000.0,1,54,73500000.0,0.3224489795918367,100.0
545,297,YLDKSIIDSK,319251.1,1,13994,-1.0,,
546,298,AIAKELR,115000000.0,1,15596,-1.0,,
547,299,KIRNTEAR,9835750.0,2,6909,-1.0,,
548,299,KIRNTEAR,9835750.0,2,18439,-1.0,,
549,300,HDAGLPR,10300000.0,1,13484,12319202.2,0.8360931034965885,100.0
550,301,FAHTFRK,23500000.0,1,8517,38700000.0,0.6072351421188631,100.0
551,302,SQIATASQDR,5452590.5,1,1007,-1.0,,
552,303,EDAANNYAR,1704892.4,4,812,-1.0,,
553,303,EDAANNYAR,1704892.4,4,861,-1.0,,
554,303,EDAANNYAR,1704892.4,4,3336,-1.0,,
555,303,EDAANNYAR,1704892.4,4,3378,-1.0,,
556,304,REFSSYGR,4313871.0,1,6429,-1.0,,
557,305,NIHEIEK,13200000.0,9,1521,14425460.16,0.9150487993860987,100.0
558,305,NIHEIEK,13200000.0,9,4071,14425460.16,0.9150487993860987,100.0
559,305,NIHEIEK,13200000.0,9,4472,14425460.16,0.9150487993860987,100.0
560,305,NIHEIEK,13200000.0,9,5434,14425460.16,0.9150487993860987,100.0
561,305,NIHEIEK,13200000.0,9,5462,14425460.16,0.9150487993860987,100.0
562,305,NIHEIEK,13200000.0,9,7282,14425460.16,0.9150487993860987,100.0
563,305,NIHEIEK,13200000.0,9,10100,14425460.16,0.9150487993860987,100.0
564,305,NIHEIEK,13200000.0,9,10478,14425460.16,0.9150487993860987,100.0
565,305,NIHEIEK,13200000.0,9,10526,14425460.16,0.9150487993860987,100.0
566,306,SVTTDKLQSER,97865.44,1,4219,-1.0,,
567,307,SAETGEWHQK,1080508.5,3,4294,-1.0,,
568,307,SAETGEWHQK,1080508.5,3,15880,-1.0,,
569,307,SAETGEWHQK,1080508.5,3,16066,-1.0,,
570,308,ESEELQR,5032085.0,1,1736,23138497.5,0.21747673979263346,100.0
571,309,VVEAQSATGTR,4810464.0,1,13247,5540445.9399999995,0.86824491243028,100.0
572,310,PQATSTR,551248.06,4,10628,-1.0,,
573,310,PQATSTR,551248.06,4,12159,-1.0,,
574,310,PQATSTR,551248.06,4,18081,-1.0,,
575,310,PQATSTR,551248.06,4,21150,-1.0,,
576,311,HYETISR,13500000.0,1,20159,-1.0,,
577,312,GFGSDSNTR,3335807.2,1,1501,-1.0,,
578,313,TRVNESNDLR,948707.56,1,14243,-1.0,,
579,314,VIAHSQIR,26000000.0,1,54,73500000.0,0.35374149659863946,100.0
580,315,VIGGHVTTNAK,82600000.0,1,20855,401600000.0,0.2056772908366534,100.0
581,316,QIIVEGRR,600708.7,1,3204,-1.0,,
582,317,QIENSATDAR,2249819.2,1,15807,-1.0,,
583,318,GLSGNSEAETSR,4967366.5,1,13031,-1.0,,
584,319,ANRFNVENRAHR,1650012.8,1,3296,-1.0,,
585,320,DQQRYPQQEPR,5484385.5,1,1575,25353571.0,0.21631609606394303,100.0
586,321,SSQQQEQPQQSQSQNVPAK,2456591.2,1,1008,-1.0,,
587,322,KELNMGQR,750034.44,1,1802,5094998.9399999995,0.14720993052846446,50.0
588,323,KSGVLVCR,3153772.5,1,12259,-1.0,,
589,324,TLTEVHR,1965822.9,2,13954,-1.0,,
590,324,TLTEVHR,1965822.9,2,16835,-1.0,,
591,325,TNFNERHEEIRR,4990333.5,1,268,-1.0,,
592,326,EHAALEPR,56800000.0,2,15690,-1.0,,
593,326,EHAALEPR,56800000.0,2,17600,-1.0,,
594,327,TVAAKSPR,1603536.8,2,5815,-1.0,,
595,327,TVAAKSPR,1603536.8,2,16663,-1.0,,
596,328,IESYGSQSGK,3986265.0,1,1516,-1.0,,
597,329,QVHPDTGISSK,8814151.0,1,1126,-1.0,,
598,330,YLHNVDSNSNNNER,847418.6,2,3453,-1.0,,
599,330,YLHNVDSNSNNNER,847418.6,2,3707,-1.0,,
600,331,TSSDLSEK,2139846.5,2,4853,-1.0,,
601,331,TSSDLSEK,2139846.5,2,16867,-1.0,,
602,332,NGQIGDQGPR,31200000.0,1,20167,46500000.0,0.6709677419354839,100.0
603,333,SETSGPAVR,321683.16,1,19789,-1.0,,
604,334,DAVTYTEHAKR,571274.4,1,1127,-1.0,,
605,335,DASQTVGPR,7695871.0,1,1702,-1.0,,
606,336,RTQDSGGGNGAR,4970919.5,2,5471,-1.0,,
607,336,RTQDSGGGNGAR,4970919.5,2,7362,-1.0,,
608,337,KSLSLDHSIQR,677338.3,4,4897,-1.0,,
609,337,KSLSLDHSIQR,677338.3,4,8732,-1.0,,
610,337,KSLSLDHSIQR,677338.3,4,10797,-1.0,,
611,337,KSLSLDHSIQR,677338.3,4,11005,-1.0,,
612,338,FRGEHALR,3330408.0,1,3259,12337938.0,0.26993230149154585,100.0
613,339,SDTQTQSQLQESK,156000000.0,1,2667,2198000000.0,0.07097361237488627,50.0
614,340,KEGEAPYASR,718991.75,1,5494,-1.0,,
615,341,PVRCTNCARCVPK,113722.97,1,270,4425843.47,0.02569520833053773,50.0
616,342,KAIEVVSK,2416729.2,1,20821,-1.0,,
617,343,STKESIDICAK,2190030.5,1,17596,-1.0,,
618,344,ASISSGQLR,851830.94,1,11817,-1.0,,
619,345,ENYHLNLK,306045.62,1,18872,-1.0,,
620,346,ASDAQEYDGGR,91100000.0,1,3303,-1.0,,
621,347,SSMGPPQR,23100000.0,1,295,-1.0,,
622,348,YTQQAPPTR,1669906.8,2,7144,-1.0,,
623,348,YTQQAPPTR,1669906.8,2,14161,-1.0,,
624,349,TGGGNNQSNGPLR,1051481.6,1,13133,-1.0,,
625,350,RMMMQSGR,21700000.0,2,2428,187698204.2,0.1156111220801973,50.0
626,350,RMMMQSGR,21700000.0,2,10861,187698204.2,0.1156111220801973,50.0
627,351,LEFATSQR,2843725.2,3,2343,5876367.4,0.48392569872333036,100.0
628,351,LEFATSQR,2843725.2,3,7104,5876367.4,0.48392569872333036,100.0
629,351,LEFATSQR,2843725.2,3,10552,-1.0,,
630,352,MSNLKRFDDEER,2712081.5,1,1397,3404355.25,0.7966505551969055,100.0
631,353,TTVDLLAK,9065388.0,1,20407,-1.0,,
632,354,SLAVDWISQR,22300000.0,2,3980,-1.0,,
633,354,SLAVDWISQR,22300000.0,2,10924,-1.0,,
634,355,STTDAECVR,1252355.4,1,16447,-1.0,,
635,356,ADDVGSDADAGSASR,10900000.0,1,14080,-1.0,,
636,357,YDQEHPVQPR,1399270.5,3,8459,-1.0,,
637,357,YDQEHPVQPR,1399270.5,3,16877,-1.0,,
638,357,YDQEHPVQPR,1399270.5,3,20581,-1.0,,
639,358,RTVTDNTIR,3063903.8,3,1015,-1.0,,
640,358,RTVTDNTIR,3063903.8,3,4465,-1.0,,
641,358,RTVTDNTIR,3063903.8,3,18354,-1.0,,
642,359,YVSHPDYNR,845594.9,2,8106,-1.0,,
643,359,YVSHPDYNR,845594.9,2,9744,-1.0,,
644,360,RLSYNTR,56200000.0,2,17250,-1.0,,
645,360,RLSYNTR,56200000.0,2,20497,-1.0,,
646,361,LKEQEQLR,1170000000.0,1,2667,2198000000.0,0.532302092811647,100.0
647,362,KCYDRFPNELR,653037.7,3,11922,-1.0,,
648,362,KCYDRFPNELR,653037.7,3,15421,-1.0,,
649,362,KCYDRFPNELR,653037.7,3,15487,-1.0,,
650,363,VHDALNATR,5928596.0,1,1830,-1.0,,
651,364,KAKAAGGTGSGR,1446117.5,1,19589,-1.0,,
652,365,GSSAGFDR,14300000.0,1,1083,-1.0,,
653,366,QHPSVAGMK,7562566.5,1,12609,-1.0,,
654,367,KYQEQLR,779535.75,11,3588,-1.0,,
655,367,KYQEQLR,779535.75,11,4830,-1.0,,
656,367,KYQEQLR,779535.75,11,4860,-1.0,,
657,367,KYQEQLR,779535.75,11,6447,-1.0,,
658,367,KYQEQLR,779535.75,11,6668,-1.0,,
659,367,KYQEQLR,779535.75,11,7320,-1.0,,
660,367,KYQEQLR,779535.75,11,7470,-1.0,,
661,367,KYQEQLR,779535.75,11,9745,-1.0,,
662,367,KYQEQLR,779535.75,11,11352,-1.0,,
663,367,KYQEQLR,779535.75,11,12142,-1.0,,
664,367,KYQEQLR,779535.75,11,15887,-1.0,,
665,368,TTNTLMDLEER,5069185.5,2,18455,39873572.5,0.1271314603174822,50.0
666,368,TTNTLMDLEER,5069185.5,2,19015,39873572.5,0.1271314603174822,50.0
667,369,YNPDHLK,2724945.0,1,2209,-1.0,,
668,370,QEQEQLR,372006.22,2,7588,-1.0,,
669,370,QEQEQLR,372006.22,2,12365,-1.0,,
670,371,VQQMPHPR,19600000.0,1,2600,-1.0,,
671,372,KLEEARQR,1759444.4,2,6637,-1.0,,
672,372,KLEEARQR,1759444.4,2,10777,-1.0,,
673,373,GFGRHEDSDIR,15900000.0,6,4270,94700000.0,0.1678986272439282,50.0
674,373,GFGRHEDSDIR,15900000.0,6,12460,42800000.0,0.37149532710280375,100.0
675,373,GFGRHEDSDIR,15900000.0,6,15387,94700000.0,0.1678986272439282,50.0
676,373,GFGRHEDSDIR,15900000.0,6,15417,94700000.0,0.1678986272439282,50.0
677,373,GFGRHEDSDIR,15900000.0,6,15691,94700000.0,0.1678986272439282,50.0
678,373,GFGRHEDSDIR,15900000.0,6,20932,94700000.0,0.1678986272439282,50.0
679,374,KAPQDSFR,189144.97,1,12982,-1.0,,
680,375,KALELQIR,546458.4,1,1495,-1.0,,
681,376,IYAEEQERER,5069185.5,1,1575,25353571.0,0.19993970474612827,50.0
682,377,KNLYETR,85400000.0,1,3314,-1.0,,
683,378,EEIISFINSLSR,863592.2,1,2945,-1.0,,
684,379,IGNMEQR,293000000.0,1,13463,313600000.0,0.9343112244897959,100.0
685,380,KIKQEYIGNQR,14500000.0,1,2411,211600000.0,0.06852551984877127,50.0
686,381,SGTVGFQHR,30800000.0,1,8,32459097.4,0.9488865207940133,100.0
687,382,AKKSAHLNANR,2230810.0,1,11760,-1.0,,
688,383,IKQEYIGNQR,6136551.5,1,2411,211600000.0,0.02900071597353497,50.0
689,384,SFEEETKAR,2290000.0,1,15761,-1.0,,
690,385,TYQIHER,2812087.0,4,7050,3604177.1,0.7802299726059521,100.0
691,385,TYQIHER,2812087.0,4,7405,3604177.1,0.7802299726059521,100.0
692,385,TYQIHER,2812087.0,4,9869,3604177.1,0.7802299726059521,100.0
693,385,TYQIHER,2812087.0,4,9949,3604177.1,0.7802299726059521,100.0
694,386,NRTQSVGLAR,969629.94,1,18326,-1.0,,
695,387,NGGLPDLR,88343.62,2,4498,-1.0,,
696,387,NGGLPDLR,88343.62,2,7365,-1.0,,
697,388,KLDAIPDR,1910853.4,1,20753,-1.0,,
698,389,NQPVVQAR,18400000.0,1,3007,-1.0,,
699,390,YSNVEPSR,7171534.0,1,1504,-1.0,,
700,391,VSSNLGER,37700000.0,1,17213,54500000.0,0.691743119266055,100.0
701,392,SLAMSSTDTGR,308548.78,5,5628,3719712.2800000003,0.08294963609389702,50.0
702,392,SLAMSSTDTGR,308548.78,5,8770,3719712.2800000003,0.08294963609389702,50.0
703,392,SLAMSSTDTGR,308548.78,5,11646,3719712.2800000003,0.08294963609389702,50.0
704,392,SLAMSSTDTGR,308548.78,5,13781,3719712.2800000003,0.08294963609389702,50.0
705,392,SLAMSSTDTGR,308548.78,5,15532,3719712.2800000003,0.08294963609389702,50.0
706,393,TSSGAYVANR,23100000.0,1,16058,-1.0,,
707,394,AKYRPGER,150402.22,0,,,,
708,395,ELEIAMAKSNANR,464931.94,1,13336,-1.0,,
709,396,SQGGGANNASNLAR,50600000.0,1,12849,123900000.0,0.40839386602098465,100.0
710,397,AQEFATK,13100000.0,1,14738,-1.0,,
711,398,LSGTGSSGATVR,63600000.0,1,1308,-1.0,,
712,399,TGVVTTTR,54000000.0,1,2957,111600000.0,0.4838709677419355,100.0
713,400,HNDMQIR,5806412.5,1,1736,23138497.5,0.2509416395770728,100.0
714,401,ELRQEVNTER,8804387.0,2,18455,39873572.5,0.22080757875407325,100.0
715,401,ELRQEVNTER,8804387.0,2,19015,39873572.5,0.22080757875407325,100.0
716,402,TATDMTSTTR,451395.6,2,5113,-1.0,,
717,402,TATDMTSTTR,451395.6,2,12260,-1.0,,
718,403,RGAAVIAAR,2988684.2,1,18975,-1.0,,
719,404,VDTISTK,482000000.0,1,2667,2198000000.0,0.21929026387625114,100.0
720,405,KNVAQFSR,839829.2,2,14596,-1.0,,
721,405,KNVAQFSR,839829.2,2,14976,-1.0,,
722,406,AASTPAAAPPAK,1482860.4,1,139,-1.0,,
723,407,SETVRPRPAVGGPR,57500000.0,1,472,-1.0,,
724,408,QALVNQR,4111189.2,1,1124,-1.0,,
725,409,ASTSTPVGGASTSSR,6554395.0,2,1140,12094688.5,0.5419234236582446,100.0
726,409,ASTSTPVGGASTSSR,6554395.0,2,11644,10751303.0,0.6096372690826405,100.0
727,410,AGQAAGGGELSQR,1805165.5,1,2024,4320382.7,0.41782536996086017,100.0
728,411,ELSHPIAR,51800000.0,1,14015,52048041.56,0.9952343728492826,100.0
729,412,SDQANPTQGVR,8635836.0,5,4270,94700000.0,0.09119151003167898,50.0
730,412,SDQANPTQGVR,8635836.0,5,15387,94700000.0,0.09119151003167898,50.0
731,412,SDQANPTQGVR,8635836.0,5,15417,94700000.0,0.09119151003167898,50.0
732,412,SDQANPTQGVR,8635836.0,5,15691,94700000.0,0.09119151003167898,50.0
733,412,SDQANPTQGVR,8635836.0,5,20932,94700000.0,0.09119151003167898,50.0
734,413,IVTQTPQR,4500314.0,1,19256,-1.0,,
735,414,VGATSPTSPTR,4196908.0,2,1140,12094688.5,0.3470042242096603,100.0
736,414,VGATSPTSPTR,4196908.0,2,11644,10751303.0,0.3903627309173595,100.0
737,415,DSYVGDEAQSKR,14600000.0,5,1851,36700000.0,0.3978201634877384,100.0
738,415,DSYVGDEAQSKR,14600000.0,5,2376,36700000.0,0.3978201634877384,100.0
739,415,DSYVGDEAQSKR,14600000.0,5,2394,36700000.0,0.3978201634877384,100.0
740,415,DSYVGDEAQSKR,14600000.0,5,2896,36700000.0,0.3978201634877384,100.0
741,415,DSYVGDEAQSKR,14600000.0,5,3024,36700000.0,0.3978201634877384,100.0
742,416,VGPPSSATDNASK,12100000.0,1,14650,-1.0,,
743,417,SSDTIEEAK,1858426.8,3,14377,9327365.0,0.19924456692752993,50.0
744,417,SSDTIEEAK,1858426.8,3,15871,9327365.0,0.19924456692752993,50.0
745,417,SSDTIEEAK,1858426.8,3,16887,9327365.0,0.19924456692752993,50.0
746,418,FDDEERESKYGR,692273.75,1,1397,3404355.25,0.2033494448030945,100.0
747,419,ILIHPHTK,14000000.0,2,2231,-1.0,,
748,419,ILIHPHTK,14000000.0,2,8760,-1.0,,
749,420,KADKPTVR,363880.62,1,1317,-1.0,,
750,421,NGLNGSSSGPEIR,964512.0,1,4167,-1.0,,
751,422,LRNIVNK,57700000.0,1,15660,110400000.0,0.5226449275362319,100.0
752,423,AKKAAEEAAK,639450.75,1,3430,-1.0,,
753,424,KARDSYDVR,120582.16,1,18505,-1.0,,
754,425,AALGPNQTR,6288436.5,1,3358,-1.0,,
755,426,KVMFSILESRR,4362317.5,3,8335,4743837.84,0.9195755940932416,100.0
756,426,KVMFSILESRR,4362317.5,3,17129,4743837.84,0.9195755940932416,100.0
757,426,KVMFSILESRR,4362317.5,3,20720,4743837.84,0.9195755940932416,100.0
758,427,AEMFHGR,123000000.0,1,5723,-1.0,,
759,428,GGRGGGGGGGFGGGR,1501077.6,1,9927,-1.0,,
760,429,TTTTTTTTTTMR,50000000.0,0,,,,
761,430,INNEIAK,262000000.0,1,1500,304300000.0,0.8609924416694051,100.0
762,431,ATHDGTITVGK,2887685.8,1,20943,-1.0,,
763,432,VGNNDSYHYAR,19500000.0,1,7208,36751636.2,0.5305886217931162,100.0
764,433,PQPISGRYSK,2311541.0,1,12804,-1.0,,
765,434,GNVYSEER,1920000000.0,2,15969,-1.0,,
766,434,GNVYSEER,1920000000.0,2,16301,2914000000.0,0.6588881262868909,100.0
767,435,NIVNKYK,20700000.0,1,15660,110400000.0,0.1875,50.0
768,436,HVLSEEPR,999903.56,1,220,-1.0,,
769,437,FESMSACGK,1048787.0,2,9179,-1.0,,
770,437,FESMSACGK,1048787.0,2,17412,-1.0,,
771,438,GTATTPAAGSAAGDAR,1073646.1,7,2541,-1.0,,
772,438,GTATTPAAGSAAGDAR,1073646.1,7,5859,-1.0,,
773,438,GTATTPAAGSAAGDAR,1073646.1,7,9479,-1.0,,
774,438,GTATTPAAGSAAGDAR,1073646.1,7,11298,-1.0,,
775,438,GTATTPAAGSAAGDAR,1073646.1,7,11990,-1.0,,
776,438,GTATTPAAGSAAGDAR,1073646.1,7,18104,-1.0,,
777,438,GTATTPAAGSAAGDAR,1073646.1,7,20975,-1.0,,
778,439,SNPSVYSHATGR,4229298.5,1,16759,-1.0,,
779,440,SLEDMKQR,2089380.5,2,2463,7668584.5,0.2724597349093565,100.0
780,440,SLEDMKQR,2089380.5,2,10581,7668584.5,0.2724597349093565,100.0
781,441,IAAPQER,19100000.0,1,1727,-1.0,,
782,442,ITSSPKNK,533575.44,1,2016,-1.0,,
783,443,KAEKEQLR,5232740.0,1,17502,-1.0,,
784,444,ISAEEAKYK,1977351.9,1,246,8301919.9,0.2381800744668712,100.0
785,445,VPIQPLVFSSKDGLSK,1603314.8,1,11284,-1.0,,
786,446,LSGQDVER,380707.03,6,12614,-1.0,,
787,446,LSGQDVER,380707.03,6,18349,-1.0,,
788,446,LSGQDVER,380707.03,6,18495,-1.0,,
789,446,LSGQDVER,380707.03,6,19342,-1.0,,
790,446,LSGQDVER,380707.03,6,19829,-1.0,,
791,446,LSGQDVER,380707.03,6,20620,-1.0,,
792,447,HLNEDLNR,33700000.0,2,5114,-1.0,,
793,447,HLNEDLNR,33700000.0,2,14486,-1.0,,
794,448,TGEIIAYSEGAIR,296475.66,1,7229,-1.0,,
795,449,GELAQDEANTK,1746805.0,1,1870,-1.0,,
796,450,GGGGRGGGGGGGR,918439.8,1,1635,4392671.8,0.2090845484973405,100.0
797,451,QKNKTGFVK,2257917.0,1,1398,125257917.0,0.018026142012245023,50.0
798,452,ATNVHFSGR,23800000.0,23,3608,84500000.0,0.2816568047337278,100.0
799,452,ATNVHFSGR,23800000.0,23,4462,84500000.0,0.2816568047337278,100.0
800,452,ATNVHFSGR,23800000.0,23,4528,84500000.0,0.2816568047337278,100.0
801,452,ATNVHFSGR,23800000.0,23,4774,84500000.0,0.2816568047337278,100.0
802,452,ATNVHFSGR,23800000.0,23,5044,84500000.0,0.2816568047337278,100.0
803,452,ATNVHFSGR,23800000.0,23,5129,84500000.0,0.2816568047337278,100.0
804,452,ATNVHFSGR,23800000.0,23,5663,63000000.0,0.37777777777777777,100.0
805,452,ATNVHFSGR,23800000.0,23,6369,84500000.0,0.2816568047337278,100.0
806,452,ATNVHFSGR,23800000.0,23,6754,84500000.0,0.2816568047337278,100.0
807,452,ATNVHFSGR,23800000.0,23,6981,84500000.0,0.2816568047337278,100.0
808,452,ATNVHFSGR,23800000.0,23,7994,84500000.0,0.2816568047337278,100.0
809,452,ATNVHFSGR,23800000.0,23,8406,84500000.0,0.2816568047337278,100.0
810,452,ATNVHFSGR,23800000.0,23,8420,84500000.0,0.2816568047337278,100.0
811,452,ATNVHFSGR,23800000.0,23,8567,84500000.0,0.2816568047337278,100.0
812,452,ATNVHFSGR,23800000.0,23,9442,84500000.0,0.2816568047337278,100.0
813,452,ATNVHFSGR,23800000.0,23,10725,84500000.0,0.2816568047337278,100.0
814,452,ATNVHFSGR,23800000.0,23,10862,84500000.0,0.2816568047337278,100.0
815,452,ATNVHFSGR,23800000.0,23,11278,63000000.0,0.37777777777777777,100.0
816,452,ATNVHFSGR,23800000.0,23,11572,84500000.0,0.2816568047337278,100.0
817,452,ATNVHFSGR,23800000.0,23,11591,84500000.0,0.2816568047337278,100.0
818,452,ATNVHFSGR,23800000.0,23,11622,84500000.0,0.2816568047337278,100.0
819,452,ATNVHFSGR,23800000.0,23,11662,84500000.0,0.2816568047337278,100.0
820,452,ATNVHFSGR,23800000.0,23,11677,84500000.0,0.2816568047337278,100.0
821,453,VYFLIHAR,123000000.0,1,1398,125257917.0,0.9819738579877549,100.0
822,454,DLNSSSR,4158824.5,1,16269,-1.0,,
823,455,MQSYEHTHLR,2333297.5,1,1528,-1.0,,
824,456,KLTGCQSVIAAASGAK,132799.67,1,15950,-1.0,,
825,457,LVPNQDPK,4267990.0,2,5229,-1.0,,
826,457,LVPNQDPK,4267990.0,2,11955,-1.0,,
827,458,NHLVAAAKYTGIR,4723422.5,1,18182,-1.0,,
828,459,DAQTLSER,13000000.0,3,15513,-1.0,,
829,459,DAQTLSER,13000000.0,3,17309,-1.0,,
830,459,DAQTLSER,13000000.0,3,19641,-1.0,,
831,460,GATQAGQNLGAGR,4429031.0,1,3130,-1.0,,
832,461,KTSNSSKGDK,9738545.0,1,3716,-1.0,,
833,462,KVDHLMGLFR,311213.84,1,2957,111600000.0,0.0027886544802867386,50.0
834,463,HSDPADPPSVR,7796041.0,1,12727,-1.0,,
835,464,SSIDTSSMHR,1596747.0,13,1392,1890456.38,0.844635727590816,100.0
836,464,SSIDTSSMHR,1596747.0,13,4336,1890456.38,0.844635727590816,100.0
837,464,SSIDTSSMHR,1596747.0,13,4795,1890456.38,0.844635727590816,100.0
838,464,SSIDTSSMHR,1596747.0,13,5033,1890456.38,0.844635727590816,100.0
839,464,SSIDTSSMHR,1596747.0,13,5083,1890456.38,0.844635727590816,100.0
840,464,SSIDTSSMHR,1596747.0,13,5697,1890456.38,0.844635727590816,100.0
841,464,SSIDTSSMHR,1596747.0,13,6417,1890456.38,0.844635727590816,100.0
842,464,SSIDTSSMHR,1596747.0,13,7848,1890456.38,0.844635727590816,100.0
843,464,SSIDTSSMHR,1596747.0,13,8317,1890456.38,0.844635727590816,100.0
844,464,SSIDTSSMHR,1596747.0,13,9570,1890456.38,0.844635727590816,100.0
845,464,SSIDTSSMHR,1596747.0,13,9983,1890456.38,0.844635727590816,100.0
846,464,SSIDTSSMHR,1596747.0,13,10866,1890456.38,0.844635727590816,100.0
847,464,SSIDTSSMHR,1596747.0,13,11148,1890456.38,0.844635727590816,100.0
848,465,QIASKEASADYAK,421826.16,2,990,-1.0,,
849,465,QIASKEASADYAK,421826.16,2,18727,-1.0,,
850,466,QMHNNGPK,69782.89,3,13919,-1.0,,
851,466,QMHNNGPK,69782.89,3,14473,-1.0,,
852,466,QMHNNGPK,69782.89,3,15719,-1.0,,
853,467,IREEYPDR,25700000.0,7,170,-1.0,,
854,467,IREEYPDR,25700000.0,7,198,-1.0,,
855,467,IREEYPDR,25700000.0,7,1368,-1.0,,
856,467,IREEYPDR,25700000.0,7,6817,-1.0,,
857,467,IREEYPDR,25700000.0,7,8580,-1.0,,
858,467,IREEYPDR,25700000.0,7,12410,-1.0,,
859,467,IREEYPDR,25700000.0,7,18180,-1.0,,
860,468,LSNADVSTR,5546366.0,2,5341,-1.0,,
861,468,LSNADVSTR,5546366.0,2,12502,-1.0,,
862,469,VQEENLR,5471769.5,1,2300,-1.0,,
863,470,SAPSDYAAR,24100000.0,1,19725,-1.0,,
864,471,VTHILHR,72981.15,9,4211,-1.0,,
865,471,VTHILHR,72981.15,9,6010,-1.0,,
866,471,VTHILHR,72981.15,9,8369,-1.0,,
867,471,VTHILHR,72981.15,9,9559,-1.0,,
868,471,VTHILHR,72981.15,9,10543,-1.0,,
869,471,VTHILHR,72981.15,9,11379,-1.0,,
870,471,VTHILHR,72981.15,9,17380,-1.0,,
871,471,VTHILHR,72981.15,9,18936,-1.0,,
872,471,VTHILHR,72981.15,9,21076,-1.0,,
873,472,YEFALER,452081.0,1,3486,-1.0,,
874,473,VKSINNPDVR,572202.2,3,4394,34272202.2,0.01669581069406739,50.0
875,473,VKSINNPDVR,572202.2,3,8697,34272202.2,0.01669581069406739,50.0
876,473,VKSINNPDVR,572202.2,3,12622,34272202.2,0.01669581069406739,50.0
877,474,AIVHTPPSK,34600000.0,1,3420,-1.0,,
878,475,VEVMTNLLAAAR,1522131.0,1,1171,-1.0,,
879,476,VNINLEDR,65675.086,2,10606,-1.0,,
880,476,VNINLEDR,65675.086,2,13808,-1.0,,
881,477,ADLEETGR,24000000.0,1,2960,-1.0,,
882,478,AKLEEVAAK,1720827.8,2,2757,5235694.8,0.3286722900654943,100.0
883,478,AKLEEVAAK,1720827.8,2,5338,5235694.8,0.3286722900654943,100.0
884,479,GRGPHNLLR,205000000.0,1,20855,401600000.0,0.5104581673306773,100.0
885,480,SVSDNDIR,8521359.0,2,3526,18049319.0,0.4721152637393134,100.0
886,480,SVSDNDIR,8521359.0,2,7490,18049319.0,0.4721152637393134,100.0
887,481,TPAFNSK,1790992.5,1,384,36690992.5,0.04881286599156455,50.0
888,482,TTSDGLQFRR,399954.53,1,12962,-1.0,,
889,483,SQPEAVPR,7139324.0,2,11993,-1.0,,
890,483,SQPEAVPR,7139324.0,2,19515,-1.0,,
891,484,LEGTNVNQAR,7685029.0,1,19156,-1.0,,
892,485,YVVEAEREK,11700000.0,2,17399,-1.0,,
893,485,YVVEAEREK,11700000.0,2,19584,-1.0,,
894,486,IASSESKPK,9491540.0,2,956,-1.0,,
895,486,IASSESKPK,9491540.0,2,8534,-1.0,,
896,487,RQLTFDEVK,64000000.0,1,16460,-1.0,,
897,488,ALEHGAALR,3051289.8,1,19236,-1.0,,
898,489,YSQTIGGSR,100000000.0,1,738,118700000.0,0.8424599831508003,100.0
899,490,SQVQQLSR,22600000.0,1,1854,30897541.0,0.7314497940143522,100.0
900,491,TAEDLQSAR,28300000.0,1,19204,-1.0,,
901,492,VDFKAGPR,1774646.2,1,428,-1.0,,
902,493,TVEAEAAHGTVTR,13000000.0,5,3715,-1.0,,
903,493,TVEAEAAHGTVTR,13000000.0,5,10414,-1.0,,
904,493,TVEAEAAHGTVTR,13000000.0,5,13297,-1.0,,
905,493,TVEAEAAHGTVTR,13000000.0,5,13553,-1.0,,
906,493,TVEAEAAHGTVTR,13000000.0,5,16554,-1.0,,
907,494,EAAVNAVR,8083464.0,18,5102,-1.0,,
908,494,EAAVNAVR,8083464.0,18,5409,-1.0,,
909,494,EAAVNAVR,8083464.0,18,5630,-1.0,,
910,494,EAAVNAVR,8083464.0,18,6834,-1.0,,
911,494,EAAVNAVR,8083464.0,18,6944,-1.0,,
912,494,EAAVNAVR,8083464.0,18,7216,-1.0,,
913,494,EAAVNAVR,8083464.0,18,7300,-1.0,,
914,494,EAAVNAVR,8083464.0,18,7407,-1.0,,
915,494,EAAVNAVR,8083464.0,18,7475,-1.0,,
916,494,EAAVNAVR,8083464.0,18,7808,-1.0,,
917,494,EAAVNAVR,8083464.0,18,10468,-1.0,,
918,494,EAAVNAVR,8083464.0,18,10536,-1.0,,
919,494,EAAVNAVR,8083464.0,18,11212,-1.0,,
920,494,EAAVNAVR,8083464.0,18,13911,-1.0,,
921,494,EAAVNAVR,8083464.0,18,14805,-1.0,,
922,494,EAAVNAVR,8083464.0,18,17981,-1.0,,
923,494,EAAVNAVR,8083464.0,18,20952,-1.0,,
924,494,EAAVNAVR,8083464.0,18,21137,-1.0,,
925,495,KCEELGGAGNTNVTELEER,2230963.2,12,5015,-1.0,,
926,495,KCEELGGAGNTNVTELEER,2230963.2,12,5060,-1.0,,
927,495,KCEELGGAGNTNVTELEER,2230963.2,12,5535,-1.0,,
928,495,KCEELGGAGNTNVTELEER,2230963.2,12,6391,-1.0,,
929,495,KCEELGGAGNTNVTELEER,2230963.2,12,7140,-1.0,,
930,495,KCEELGGAGNTNVTELEER,2230963.2,12,7239,-1.0,,
931,495,KCEELGGAGNTNVTELEER,2230963.2,12,8199,-1.0,,
932,495,KCEELGGAGNTNVTELEER,2230963.2,12,8299,-1.0,,
933,495,KCEELGGAGNTNVTELEER,2230963.2,12,9352,-1.0,,
934,495,KCEELGGAGNTNVTELEER,2230963.2,12,11472,-1.0,,
935,495,KCEELGGAGNTNVTELEER,2230963.2,12,17654,-1.0,,
936,495,KCEELGGAGNTNVTELEER,2230963.2,12,21020,-1.0,,
937,496,ESLAKSIR,2742493.8,1,3967,-1.0,,
938,497,LSHIVTAGK,3125869.5,1,11597,-1.0,,
939,498,MLADQAEARR,6408560.0,1,985,39925365.2,0.16051349731924305,50.0
940,499,LIQQANEAR,34500000.0,1,13884,66300000.0,0.5203619909502263,100.0
941,500,GRNLLNR,1098689.8,1,348,20498689.8,0.05359804995927105,50.0
942,501,NLGHQFR,9937716.0,1,19775,-1.0,,
943,502,DAITMIHR,118969.54,0,,,,
944,503,LSSIGQR,22900000.0,1,397,36666151.5,0.6245542295323795,100.0
945,504,GKEDALVTR,3474232.0,1,1635,4392671.8,0.7909154515026595,100.0
946,505,GHLENNPQLEK,14700000.0,1,589,-1.0,,
947,506,EKPYPHIQTSSQR,279000000.0,1,16301,2914000000.0,0.09574468085106383,50.0
948,507,VHQSISMAR,115000000.0,2,2218,-1.0,,
949,507,VHQSISMAR,115000000.0,2,9901,-1.0,,
950,508,FKELVEK,729981.94,1,13247,5540445.9399999995,0.13175508756972007,50.0
951,509,RFIESAR,6601240.0,2,109,-1.0,,
952,509,RFIESAR,6601240.0,2,9911,-1.0,,
953,510,TREEIQEVR,9885591.0,3,11779,11512988.5,0.8586468231076579,100.0
954,510,TREEIQEVR,9885591.0,3,13851,11512988.5,0.8586468231076579,100.0
955,510,TREEIQEVR,9885591.0,3,19807,11512988.5,0.8586468231076579,100.0
956,511,TIEKFEK,14400000.0,2,1561,25092939.5,0.5738666049866338,100.0
957,511,TIEKFEK,14400000.0,2,2456,25092939.5,0.5738666049866338,100.0
958,512,NMYEAAK,4344964.5,1,1802,5094998.9399999995,0.8527900694715357,100.0
959,513,ELREIGGH,7540199.5,1,16649,-1.0,,
960,514,SFNADVHR,34700000.0,1,1423,37775985.2,0.9185729985938261,100.0
961,515,SKMLADQAEAR,2216805.2,1,985,39925365.2,0.05552373006221118,50.0
962,516,NGGVAGMAKLAAAK,803172.7,1,719,-1.0,,
963,517,NHSGQLLDR,15100000.0,1,7208,36751636.2,0.41086606097825923,100.0
964,518,SLQEGTFDSK,1264491.6,1,945,-1.0,,
965,519,YGNPEQLKR,2151636.2,1,7208,36751636.2,0.05854531722862451,50.0
966,520,ADNSEPLGR,70100000.0,1,2202,76169160.0,0.9203199825231104,100.0
967,521,LVQVSKNR,16800000.0,1,17213,54500000.0,0.30825688073394497,100.0
968,522,IAKDDVALKDAK,16700000.0,1,1500,304300000.0,0.05488005257969109,50.0
969,523,YEAVSDER,19400000.0,1,348,20498689.8,0.9464019500407289,100.0
970,524,VDGQISPR,60900000.0,1,18340,85100000.0,0.7156286721504113,100.0
971,525,TPGTLAMHR,110738.72,3,1584,-1.0,,
972,525,TPGTLAMHR,110738.72,3,7770,-1.0,,
973,525,TPGTLAMHR,110738.72,3,11314,-1.0,,
974,526,AAAHLLR,51900000.0,5,4270,94700000.0,0.5480464625131996,100.0
975,526,AAAHLLR,51900000.0,5,15387,94700000.0,0.5480464625131996,100.0
976,526,AAAHLLR,51900000.0,5,15417,94700000.0,0.5480464625131996,100.0
977,526,AAAHLLR,51900000.0,5,15691,94700000.0,0.5480464625131996,100.0
978,526,AAAHLLR,51900000.0,5,20932,94700000.0,0.5480464625131996,100.0
979,527,TGYDDSEESPR,1965533.0,1,19933,-1.0,,
980,528,FTGSEVR,73300000.0,1,12849,123900000.0,0.5916061339790153,100.0
981,529,AVESNNDLER,165000000.0,2,2581,-1.0,,
982,529,AVESNNDLER,165000000.0,2,8122,-1.0,,
983,530,FVPNEQR,243000000.0,2,10470,247908323.7,0.9802010532492662,100.0
984,530,FVPNEQR,243000000.0,2,15667,247908323.7,0.9802010532492662,100.0
985,531,SGSQAQLAPR,5052751.5,1,14478,-1.0,,
986,532,KFQAHTR,324788.3,2,10935,-1.0,,
987,532,KFQAHTR,324788.3,2,17276,-1.0,,
988,533,SRTLWGNDLGINKNR,2189106.5,1,3959,-1.0,,
989,534,IYAEEQER,1385969.9,1,1575,25353571.0,0.05466566820113821,50.0
990,535,QSRADAILSRVR,3032642.2,2,2343,5876367.4,0.5160743012766696,100.0
991,535,QSRADAILSRVR,3032642.2,2,7104,5876367.4,0.5160743012766696,100.0
992,536,KYASQQLR,4169936.8,1,16642,-1.0,,
993,537,TANGSGWGVR,5619506.0,1,566,-1.0,,
994,538,HTIQSTR,133241.56,1,11954,-1.0,,
995,539,NHPEHMQNL,18900000.0,1,7533,-1.0,,
996,540,GRDVIAQAQSGTGK,5468712.0,2,1441,10738621.5,0.509256425510481,100.0
997,540,GRDVIAQAQSGTGK,5468712.0,2,2726,-1.0,,
998,541,KAHLASQYMR,3479881.2,1,912,8453746.2,0.41163776598829055,100.0
999,542,KWPQLIDEMVER,35000000.0,1,3472,-1.0,,
1000,543,HVPVVGR,19400000.0,1,19207,32300000.0,0.6006191950464397,100.0
1001,544,QVVQHHSQVIYTR,4794574.5,1,970,-1.0,,
1002,545,GPHNLLR,114000000.0,1,20855,401600000.0,0.28386454183266935,100.0
1003,546,AGQAIDQGVNR,11700000.0,2,4011,-1.0,,
1004,546,AGQAIDQGVNR,11700000.0,2,12594,-1.0,,
1005,547,AFAKDSIR,4797901.5,2,685,-1.0,,
1006,547,AFAKDSIR,4797901.5,2,961,-1.0,,
1007,548,DVNIGPHGR,862609.06,1,12154,-1.0,,
1008,549,TLEGQIELQK,1025068.44,1,17624,-1.0,,
1009,550,TTKPAYYPDRQR,2566042.0,1,17346,-1.0,,
1010,551,ELFNEIQSR,2220329.8,1,2761,-1.0,,
1011,552,VTNSISGDATR,12900000.0,1,19207,32300000.0,0.3993808049535604,100.0
1012,553,VNDLTVDHSR,23100000.0,1,384,36690992.5,0.6295823150600246,100.0
1013,554,TQQVLGEK,13800000.0,1,373,-1.0,,
1014,555,LSEASQAADESER,1939040.8,11,352,3216494.2,0.6028429337755373,100.0
1015,555,LSEASQAADESER,1939040.8,11,3522,3216494.2,0.6028429337755373,100.0
1016,555,LSEASQAADESER,1939040.8,11,4825,-1.0,,
1017,555,LSEASQAADESER,1939040.8,11,4880,-1.0,,
1018,555,LSEASQAADESER,1939040.8,11,5841,-1.0,,
1019,555,LSEASQAADESER,1939040.8,11,7258,-1.0,,
1020,555,LSEASQAADESER,1939040.8,11,11152,-1.0,,
1021,555,LSEASQAADESER,1939040.8,11,18385,3216494.2,0.6028429337755373,100.0
1022,555,LSEASQAADESER,1939040.8,11,18922,-1.0,,
1023,555,LSEASQAADESER,1939040.8,11,19786,3216494.2,0.6028429337755373,100.0
1024,555,LSEASQAADESER,1939040.8,11,20388,3216494.2,0.6028429337755373,100.0
1025,556,MMMQSGR,162000000.0,2,2428,187698204.2,0.8630876394927172,100.0
1026,556,MMMQSGR,162000000.0,2,10861,187698204.2,0.8630876394927172,100.0
1027,557,QSPQSPTQAVR,3305602.0,3,4319,-1.0,,
1028,557,QSPQSPTQAVR,3305602.0,3,4622,-1.0,,
1029,557,QSPQSPTQAVR,3305602.0,3,15685,-1.0,,
1030,558,TVMRVGELLR,1002320.06,1,17859,-1.0,,
1031,559,SNEQSAAQSASQIQSQR,2994604.8,1,2667,2198000000.0,0.0013624225659690627,50.0
1032,560,GAFGKPQGTVAR,17400000.0,1,157,-1.0,,
1033,561,LSEASQAADESERAR,1277453.4,5,352,3216494.2,0.3971570662244626,100.0
1034,561,LSEASQAADESERAR,1277453.4,5,3522,3216494.2,0.3971570662244626,100.0
1035,561,LSEASQAADESERAR,1277453.4,5,18385,3216494.2,0.3971570662244626,100.0
1036,561,LSEASQAADESERAR,1277453.4,5,19786,3216494.2,0.3971570662244626,100.0
1037,561,LSEASQAADESERAR,1277453.4,5,20388,3216494.2,0.3971570662244626,100.0
1038,562,STIGNISLIHRFR,2348122.0,2,3721,-1.0,,
1039,562,STIGNISLIHRFR,2348122.0,2,5206,-1.0,,
1040,563,QSGDYGYGSGGGGR,5781923.0,2,2405,31731654.0,0.1822130986301565,50.0
1041,563,QSGDYGYGSGGGGR,5781923.0,2,3937,31731654.0,0.1822130986301565,50.0
1042,564,PGTAEVIYK,16800000.0,2,20109,-1.0,,
1043,564,PGTAEVIYK,16800000.0,2,20687,-1.0,,
1044,565,EGRVKIADR,1004447.4,4,6318,-1.0,,
1045,565,EGRVKIADR,1004447.4,4,6367,-1.0,,
1046,565,EGRVKIADR,1004447.4,4,16492,-1.0,,
1047,565,EGRVKIADR,1004447.4,4,20573,-1.0,,
1048,566,QLKEQHMVMR,1578741.8,1,16735,-1.0,,
1049,567,KAAAAAASAPK,354542.53,1,1086,-1.0,,
1050,568,ASLPADQASR,14200000.0,1,12775,-1.0,,
1051,569,NNVALAR,5049731.0,2,2405,31731654.0,0.15913860021289783,50.0
1052,569,NNVALAR,5049731.0,2,3937,31731654.0,0.15913860021289783,50.0
1053,570,SIASSTQSSSR,373198.3,1,9295,-1.0,,
1054,571,QEYIGNQR,43100000.0,1,2411,211600000.0,0.20368620037807184,100.0
1055,572,VVVSDSRVR,263844.53,1,19079,-1.0,,
1056,573,MVFTIYFR,224703.48,1,1153,-1.0,,
1057,574,IHDGESK,2204771.2,2,1706,-1.0,,
1058,574,IHDGESK,2204771.2,2,4278,-1.0,,
1059,575,DGSGGQNSNNSTVGGAYGK,1180116.8,1,278,-1.0,,
1060,576,SYGGNLR,14700000.0,23,3608,84500000.0,0.1739644970414201,50.0
1061,576,SYGGNLR,14700000.0,23,4462,84500000.0,0.1739644970414201,50.0
1062,576,SYGGNLR,14700000.0,23,4528,84500000.0,0.1739644970414201,50.0
1063,576,SYGGNLR,14700000.0,23,4774,84500000.0,0.1739644970414201,50.0
1064,576,SYGGNLR,14700000.0,23,5044,84500000.0,0.1739644970414201,50.0
1065,576,SYGGNLR,14700000.0,23,5129,84500000.0,0.1739644970414201,50.0
1066,576,SYGGNLR,14700000.0,23,5663,63000000.0,0.23333333333333334,100.0
1067,576,SYGGNLR,14700000.0,23,6369,84500000.0,0.1739644970414201,50.0
1068,576,SYGGNLR,14700000.0,23,6754,84500000.0,0.1739644970414201,50.0
1069,576,SYGGNLR,14700000.0,23,6981,84500000.0,0.1739644970414201,50.0
1070,576,SYGGNLR,14700000.0,23,7994,84500000.0,0.1739644970414201,50.0
1071,576,SYGGNLR,14700000.0,23,8406,84500000.0,0.1739644970414201,50.0
1072,576,SYGGNLR,14700000.0,23,8420,84500000.0,0.1739644970414201,50.0
1073,576,SYGGNLR,14700000.0,23,8567,84500000.0,0.1739644970414201,50.0
1074,576,SYGGNLR,14700000.0,23,9442,84500000.0,0.1739644970414201,50.0
1075,576,SYGGNLR,14700000.0,23,10725,84500000.0,0.1739644970414201,50.0
1076,576,SYGGNLR,14700000.0,23,10862,84500000.0,0.1739644970414201,50.0
1077,576,SYGGNLR,14700000.0,23,11278,63000000.0,0.23333333333333334,100.0
1078,576,SYGGNLR,14700000.0,23,11572,84500000.0,0.1739644970414201,50.0
1079,576,SYGGNLR,14700000.0,23,11591,84500000.0,0.1739644970414201,50.0
1080,576,SYGGNLR,14700000.0,23,11622,84500000.0,0.1739644970414201,50.0
1081,576,SYGGNLR,14700000.0,23,11662,84500000.0,0.1739644970414201,50.0
1082,576,SYGGNLR,14700000.0,23,11677,84500000.0,0.1739644970414201,50.0
1083,577,ATDLHEEQDRISR,5798197.0,3,14377,9327365.0,0.6216329048986504,100.0
1084,577,ATDLHEEQDRISR,5798197.0,3,15871,9327365.0,0.6216329048986504,100.0
1085,577,ATDLHEEQDRISR,5798197.0,3,16887,9327365.0,0.6216329048986504,100.0
1086,578,SIVATHVR,3204616.8,1,1420,-1.0,,
1087,579,AGESSLEECK,1424325.0,1,920,-1.0,,
1088,580,LLEEAEQQKR,860619.25,2,850,-1.0,,
1089,580,LLEEAEQQKR,860619.25,2,10160,-1.0,,
1090,581,HFQAPSHIR,42200000.0,1,17216,-1.0,,
1091,582,LREKPYPHIQTSSQR,4768386.5,1,16301,2914000000.0,0.0016363714824982841,50.0
1092,583,GADTMDIHR,12800000.0,1,20381,-1.0,,
1093,584,AGMTHIVR,23800000.0,1,54,73500000.0,0.3238095238095238,100.0
1094,585,QREPSAEAVDAAR,7032570.0,2,19344,-1.0,,
1095,585,QREPSAEAVDAAR,7032570.0,2,20903,-1.0,,
1096,586,KAALQNYK,313023.6,6,3590,-1.0,,
1097,586,KAALQNYK,313023.6,6,4115,-1.0,,
1098,586,KAALQNYK,313023.6,6,5277,-1.0,,
1099,586,KAALQNYK,313023.6,6,6162,-1.0,,
1100,586,KAALQNYK,313023.6,6,6664,-1.0,,
1101,586,KAALQNYK,313023.6,6,10780,-1.0,,
1102,587,QNSVEETPYK,4177149.5,0,,,,
1103,588,VADISNEAR,60436.72,0,,,,
1104,589,AVGVELNKK,5596193.5,1,1822,-1.0,,
1105,590,VSSLAAER,39200000.0,1,20408,-1.0,,
1106,591,KTDIIKVR,595756.25,1,1500,304300000.0,0.001957792474531712,50.0
1107,592,MANTDLSR,43800000.0,1,649,71068403.0,0.6163076437780655,100.0
1108,593,AAAALEENER,9037194.0,2,1527,-1.0,,
1109,593,AAAALEENER,9037194.0,2,10997,-1.0,,
1110,594,SGNFADSDPKVK,2301569.0,2,11280,-1.0,,
1111,594,SGNFADSDPKVK,2301569.0,2,18971,-1.0,,
1112,595,NCSSLLSPVK,2243089.2,1,4195,-1.0,,
1113,596,KVETVIAR,18000000.0,1,20105,34700000.0,0.5187319884726225,100.0
1114,597,DVASQQQDEAR,85489.02,2,3031,-1.0,,
1115,597,DVASQQQDEAR,85489.02,2,10429,-1.0,,
1116,598,RQGHWVGQCK,249814.34,1,5020,-1.0,,
1117,599,SVYAAEER,17000000.0,3,2827,-1.0,,
1118,599,SVYAAEER,17000000.0,3,3113,-1.0,,
1119,599,SVYAAEER,17000000.0,3,16535,-1.0,,
1120,600,ARPQRQASLGR,1055878.1,0,,,,
1121,601,GASYDEIKAK,5045258.5,1,2836,-1.0,,
1122,602,YATSQDESYR,2100657.8,3,1362,6537731.8,0.32131293608587613,100.0
1123,602,YATSQDESYR,2100657.8,3,6333,6537731.8,0.32131293608587613,100.0
1124,602,YATSQDESYR,2100657.8,3,11119,6537731.8,0.32131293608587613,100.0
1125,603,LTETLSDSLGK,11600000.0,1,815,-1.0,,
1126,604,SINNPDVR,18600000.0,3,4394,34272202.2,0.5427138848988233,100.0
1127,604,SINNPDVR,18600000.0,3,8697,34272202.2,0.5427138848988233,100.0
1128,604,SINNPDVR,18600000.0,3,12622,34272202.2,0.5427138848988233,100.0
1129,605,VVAQMGGER,1145682.4,1,1012,-1.0,,
1130,606,VLSKRSYDNER,1748567.5,1,927,-1.0,,
1131,607,QEQQAFAGSER,528264.6,1,2123,-1.0,,
1132,608,FIESSGQAR,4681922.5,2,11325,-1.0,,
1133,608,FIESSGQAR,4681922.5,2,15910,-1.0,,
1134,609,DREVIMK,5269909.5,1,1441,10738621.5,0.490743574489519,100.0
1135,610,KALQALEHAR,10500000.0,1,397,36666151.5,0.28636765982925694,100.0
1136,611,IAVHCTVR,1659097.4,1,8,32459097.4,0.05111347920598679,50.0
1137,612,HFYLEKQK,20600000.0,1,13463,313600000.0,0.06568877551020408,50.0
1138,613,SFLSQVNWGR,40700000.0,1,907,-1.0,,
1139,614,DESGRVDPVAAK,963960.7,1,3025,-1.0,,
1140,615,NSHPLFK,9297981.0,1,2004,-1.0,,
1141,616,ESDRVPVHHSSLYR,10900000.0,1,9708,-1.0,,
1142,617,GLKANLAQR,804678.9,2,4763,51823756.0,0.015527220759529664,50.0
1143,617,GLKANLAQR,804678.9,2,9777,51823756.0,0.015527220759529664,50.0
1144,618,VPGLDALKK,16200000.0,1,2313,-1.0,,
1145,619,VIDHFENRQQ,4928689.0,1,6012,-1.0,,
1146,620,TGHYNWR,3394023.8,1,640,-1.0,,
1147,621,MGSEVYHHLK,3493801.8,2,1792,-1.0,,
1148,621,MGSEVYHHLK,3493801.8,2,7825,-1.0,,
1149,622,NGRTVAENVSR,319754.16,2,3759,-1.0,,
1150,622,NGRTVAENVSR,319754.16,2,5761,-1.0,,
1151,623,AEAEAISANNPK,25400000.0,2,3941,69536229.0,0.36527721398294405,100.0
1152,623,AEAEAISANNPK,25400000.0,2,8998,69536229.0,0.36527721398294405,100.0
1153,624,YQIGDMVR,190088.3,2,11400,-1.0,,
1154,624,YQIGDMVR,190088.3,2,15063,-1.0,,
1155,625,DGDRYNNFNR,6723924.5,5,4348,10523301.5,0.638955797284721,100.0
1156,625,DGDRYNNFNR,6723924.5,5,5816,10523301.5,0.638955797284721,100.0
1157,625,DGDRYNNFNR,6723924.5,5,9947,10523301.5,0.638955797284721,100.0
1158,625,DGDRYNNFNR,6723924.5,5,11269,10523301.5,0.638955797284721,100.0
1159,625,DGDRYNNFNR,6723924.5,5,17501,10523301.5,0.638955797284721,100.0
1160,626,TKLDEIK,3098531.5,1,8612,19587767.5,0.15818706751547873,50.0
1161,627,LSLQSKAFYK,185026.94,1,12437,-1.0,,
1162,628,EGCRIQGHLEVNR,162098.78,1,19524,896398.18,0.18083345506123183,50.0
1163,629,AKYWQHFR,5965018.5,1,17687,-1.0,,
1164,630,KAFDSLK,524710.4,1,14025,-1.0,,
1165,631,VLKDMPR,23900000.0,2,18211,52400000.0,0.45610687022900764,100.0
1166,631,VLKDMPR,23900000.0,2,20087,52400000.0,0.45610687022900764,100.0
1167,632,IAGKFAGIK,639523.06,1,87,-1.0,,
1168,633,VLSGGERKR,4393007.0,1,643,-1.0,,
1169,634,SNDSEWR,4607795.0,1,16891,-1.0,,
1170,635,QLDNPNYK,11200000.0,1,1612,-1.0,,
1171,636,VLSLPYETSR,4535974.5,1,5978,-1.0,,
1172,637,GLVMDHGAR,137790.02,1,16558,-1.0,,
1173,638,GIDINHKYDR,3753544.0,1,245,-1.0,,
1174,639,YPIGSGRVTFSNFR,1282568.8,4,12003,-1.0,,
1175,639,YPIGSGRVTFSNFR,1282568.8,4,15204,-1.0,,
1176,639,YPIGSGRVTFSNFR,1282568.8,4,16670,-1.0,,
1177,639,YPIGSGRVTFSNFR,1282568.8,4,18224,-1.0,,
1178,640,SGAVPSSPSAERDQHK,1964393.0,1,13338,-1.0,,
1179,641,SPYEVQR,7943407.5,7,1680,8260312.6,0.9616352170497761,100.0
1180,641,SPYEVQR,7943407.5,7,4342,-1.0,,
1181,641,SPYEVQR,7943407.5,7,4947,8260312.6,0.9616352170497761,100.0
1182,641,SPYEVQR,7943407.5,7,6946,-1.0,,
1183,641,SPYEVQR,7943407.5,7,7979,-1.0,,
1184,641,SPYEVQR,7943407.5,7,10136,-1.0,,
1185,641,SPYEVQR,7943407.5,7,16042,8260312.6,0.9616352170497761,100.0
1186,642,DSQGHVFATR,6324568.0,1,246,8301919.9,0.7618199255331287,100.0
1187,643,PTNPQLLNSDDPVQR,79711.74,1,18603,-1.0,,
1188,644,ASASSSSSIR,848720.94,1,19875,-1.0,,
1189,645,ISKDLLANLR,3488064.0,1,440,-1.0,,
1190,646,LGGGVSSYLR,2038883.6,7,6248,-1.0,,
1191,646,LGGGVSSYLR,2038883.6,7,6823,-1.0,,
1192,646,LGGGVSSYLR,2038883.6,7,6962,-1.0,,
1193,646,LGGGVSSYLR,2038883.6,7,9207,-1.0,,
1194,646,LGGGVSSYLR,2038883.6,7,10833,-1.0,,
1195,646,LGGGVSSYLR,2038883.6,7,13000,-1.0,,
1196,646,LGGGVSSYLR,2038883.6,7,18738,-1.0,,
1197,647,VAELETALR,755339.44,7,2169,-1.0,,
1198,647,VAELETALR,755339.44,7,3963,-1.0,,
1199,647,VAELETALR,755339.44,7,4546,-1.0,,
1200,647,VAELETALR,755339.44,7,6521,-1.0,,
1201,647,VAELETALR,755339.44,7,7183,-1.0,,
1202,647,VAELETALR,755339.44,7,8549,-1.0,,
1203,647,VAELETALR,755339.44,7,11535,-1.0,,
1204,648,KAELAGKAK,11100000.0,0,,,,
1205,649,RLSGGQILKR,10600000.0,1,20595,-1.0,,
1206,650,AGSVLDMWR,538700.44,1,16733,-1.0,,
1207,651,IGDLVLYAER,4154600.2,2,3822,-1.0,,
1208,651,IGDLVLYAER,4154600.2,2,5119,-1.0,,
1209,652,NQLEEESEAR,1025101.3,1,1259,3861455.0999999996,0.26547021095752227,100.0
1210,653,LAAINKAEEQR,929854.5,1,12310,-1.0,,
1211,654,TSTYGHFGR,20200000.0,2,2873,-1.0,,
1212,654,TSTYGHFGR,20200000.0,2,8365,-1.0,,
1213,655,YDFQKEGR,3776295.0,1,17567,-1.0,,
1214,656,TISDQNVAAR,11200000.0,2,2845,-1.0,,
1215,656,TISDQNVAAR,11200000.0,2,10329,-1.0,,
1216,657,VVTARFCQLDTGDSDACEILR,753494.56,1,19663,-1.0,,
1217,658,DLAKALAK,7849680.0,1,8389,-1.0,,
1218,659,KPSGGSVDK,117221.39,1,1883,-1.0,,
1219,660,QLHGSNSDLENR,1059769.0,1,13043,-1.0,,
1220,661,VNQHLLQAQK,3013852.8,1,1749,3879721.5999999996,0.7768219245422145,100.0
1221,662,GDRDWVNR,101000000.0,1,12036,-1.0,,
1222,663,VSGSFTGDAK,5579204.0,2,2463,7668584.5,0.7275402650906435,100.0
1223,663,VSGSFTGDAK,5579204.0,2,10581,7668584.5,0.7275402650906435,100.0
1224,664,ANEVLGR,75000000.0,1,11143,-1.0,,
1225,665,RSLPPPTPPMMASR,143319.56,5,3256,-1.0,,
1226,665,RSLPPPTPPMMASR,143319.56,5,5784,-1.0,,
1227,665,RSLPPPTPPMMASR,143319.56,5,7837,-1.0,,
1228,665,RSLPPPTPPMMASR,143319.56,5,8557,-1.0,,
1229,665,RSLPPPTPPMMASR,143319.56,5,8886,-1.0,,
1230,666,HPVNSYLK,3435643.2,2,10470,247908323.7,0.01385852297624971,50.0
1231,666,HPVNSYLK,3435643.2,2,15667,247908323.7,0.01385852297624971,50.0
1232,667,EHALTSGTIR,10500000.0,1,12160,-1.0,,
1233,668,SEQGEDPAEVGR,3970584.2,5,3806,-1.0,,
1234,668,SEQGEDPAEVGR,3970584.2,5,9491,-1.0,,
1235,668,SEQGEDPAEVGR,3970584.2,5,10238,-1.0,,
1236,668,SEQGEDPAEVGR,3970584.2,5,17030,-1.0,,
1237,668,SEQGEDPAEVGR,3970584.2,5,19453,-1.0,,
1238,669,YAAKRFR,14500000.0,3,760,-1.0,,
1239,669,YAAKRFR,14500000.0,3,777,-1.0,,
1240,669,YAAKRFR,14500000.0,3,5363,-1.0,,
1241,670,ISYETNSER,7692143.5,5,3671,11977772.5,0.6422015028253375,100.0
1242,670,ISYETNSER,7692143.5,5,5779,11977772.5,0.6422015028253375,100.0
1243,670,ISYETNSER,7692143.5,5,6355,11977772.5,0.6422015028253375,100.0
1244,670,ISYETNSER,7692143.5,5,6910,11977772.5,0.6422015028253375,100.0
1245,670,ISYETNSER,7692143.5,5,10229,11977772.5,0.6422015028253375,100.0
1246,671,EHVLAVSR,53600000.0,1,3348,-1.0,,
1247,672,LHEDEQWTRQDR,5143944.0,23,3608,84500000.0,0.06087507692307692,50.0
1248,672,LHEDEQWTRQDR,5143944.0,23,4462,84500000.0,0.06087507692307692,50.0
1249,672,LHEDEQWTRQDR,5143944.0,23,4528,84500000.0,0.06087507692307692,50.0
1250,672,LHEDEQWTRQDR,5143944.0,23,4774,84500000.0,0.06087507692307692,50.0
1251,672,LHEDEQWTRQDR,5143944.0,23,5044,84500000.0,0.06087507692307692,50.0
1252,672,LHEDEQWTRQDR,5143944.0,23,5129,84500000.0,0.06087507692307692,50.0
1253,672,LHEDEQWTRQDR,5143944.0,23,5663,63000000.0,0.08164990476190476,50.0
1254,672,LHEDEQWTRQDR,5143944.0,23,6369,84500000.0,0.06087507692307692,50.0
1255,672,LHEDEQWTRQDR,5143944.0,23,6754,84500000.0,0.06087507692307692,50.0
1256,672,LHEDEQWTRQDR,5143944.0,23,6981,84500000.0,0.06087507692307692,50.0
1257,672,LHEDEQWTRQDR,5143944.0,23,7994,84500000.0,0.06087507692307692,50.0
1258,672,LHEDEQWTRQDR,5143944.0,23,8406,84500000.0,0.06087507692307692,50.0
1259,672,LHEDEQWTRQDR,5143944.0,23,8420,84500000.0,0.06087507692307692,50.0
1260,672,LHEDEQWTRQDR,5143944.0,23,8567,84500000.0,0.06087507692307692,50.0
1261,672,LHEDEQWTRQDR,5143944.0,23,9442,84500000.0,0.06087507692307692,50.0
1262,672,LHEDEQWTRQDR,5143944.0,23,10725,84500000.0,0.06087507692307692,50.0
1263,672,LHEDEQWTRQDR,5143944.0,23,10862,84500000.0,0.06087507692307692,50.0
1264,672,LHEDEQWTRQDR,5143944.0,23,11278,63000000.0,0.08164990476190476,50.0
1265,672,LHEDEQWTRQDR,5143944.0,23,11572,84500000.0,0.06087507692307692,50.0
1266,672,LHEDEQWTRQDR,5143944.0,23,11591,84500000.0,0.06087507692307692,50.0
1267,672,LHEDEQWTRQDR,5143944.0,23,11622,84500000.0,0.06087507692307692,50.0
1268,672,LHEDEQWTRQDR,5143944.0,23,11662,84500000.0,0.06087507692307692,50.0
1269,672,LHEDEQWTRQDR,5143944.0,23,11677,84500000.0,0.06087507692307692,50.0
1270,673,LAGANLTLADR,3763621.5,2,10644,-1.0,,
1271,673,LAGANLTLADR,3763621.5,2,19869,-1.0,,
1272,674,IMNTNIDGKR,9332016.0,1,396,-1.0,,
1273,675,FYQHQENELK,32000000.0,1,15660,110400000.0,0.2898550724637681,100.0
1274,676,KKSSSISAR,164334.81,1,16373,-1.0,,
1275,677,LSEANSVNLSK,9008169.0,1,20592,-1.0,,
1276,678,FSDHTLDK,4991642.0,1,3432,-1.0,,
1277,679,MSMVEEDGEKR,5768665.0,1,1025,6375704.2,0.904788682009432,100.0
1278,680,HQNEIQAIR,12300000.0,1,1736,23138497.5,0.5315816206302937,100.0
1279,681,KYHSVFK,4458533.0,1,16289,-1.0,,
1280,682,VDHDVFK,734299.4,1,19524,896398.18,0.8191665449387682,100.0
1281,683,EMDPSSPDAAR,4895214.0,1,12847,-1.0,,
1282,684,SSQQSGDVAENQDQAESQAQER,242000000.0,1,16301,2914000000.0,0.08304735758407687,50.0
1283,685,VTEPGEYR,598763.25,9,2734,622968.275,0.9611456538456954,100.0
1284,685,VTEPGEYR,598763.25,9,4457,622968.275,0.9611456538456954,100.0
1285,685,VTEPGEYR,598763.25,9,4631,622968.275,0.9611456538456954,100.0
1286,685,VTEPGEYR,598763.25,9,6148,622968.275,0.9611456538456954,100.0
1287,685,VTEPGEYR,598763.25,9,6547,-1.0,,
1288,685,VTEPGEYR,598763.25,9,6801,622968.275,0.9611456538456954,100.0
1289,685,VTEPGEYR,598763.25,9,9639,622968.275,0.9611456538456954,100.0
1290,685,VTEPGEYR,598763.25,9,10111,-1.0,,
1291,685,VTEPGEYR,598763.25,9,14158,-1.0,,
1292,686,DSGVGSTDDKDRSGR,128959.54,2,10732,-1.0,,
1293,686,DSGVGSTDDKDRSGR,128959.54,2,19970,-1.0,,
1294,687,MHTVLTR,106000000.0,1,408,-1.0,,
1295,688,AYHYLNSENTK,207000000.0,2,11169,365000000.0,0.5671232876712329,100.0
1296,688,AYHYLNSENTK,207000000.0,2,13786,365000000.0,0.5671232876712329,100.0
1297,689,VLLGKDPRR,548257.9,1,3762,-1.0,,
1298,690,HLQTSLQTAR,3998259.2,1,1722,-1.0,,
1299,691,LYFTGGGR,265030.3,1,2029,-1.0,,
1300,692,IFSSYSRR,158000000.0,2,11169,365000000.0,0.4328767123287671,100.0
1301,692,IFSSYSRR,158000000.0,2,13786,365000000.0,0.4328767123287671,100.0
1302,693,YDWSHNGR,24500000.0,23,3608,84500000.0,0.28994082840236685,100.0
1303,693,YDWSHNGR,24500000.0,23,4462,84500000.0,0.28994082840236685,100.0
1304,693,YDWSHNGR,24500000.0,23,4528,84500000.0,0.28994082840236685,100.0
1305,693,YDWSHNGR,24500000.0,23,4774,84500000.0,0.28994082840236685,100.0
1306,693,YDWSHNGR,24500000.0,23,5044,84500000.0,0.28994082840236685,100.0
1307,693,YDWSHNGR,24500000.0,23,5129,84500000.0,0.28994082840236685,100.0
1308,693,YDWSHNGR,24500000.0,23,5663,63000000.0,0.3888888888888889,100.0
1309,693,YDWSHNGR,24500000.0,23,6369,84500000.0,0.28994082840236685,100.0
1310,693,YDWSHNGR,24500000.0,23,6754,84500000.0,0.28994082840236685,100.0
1311,693,YDWSHNGR,24500000.0,23,6981,84500000.0,0.28994082840236685,100.0
1312,693,YDWSHNGR,24500000.0,23,7994,84500000.0,0.28994082840236685,100.0
1313,693,YDWSHNGR,24500000.0,23,8406,84500000.0,0.28994082840236685,100.0
1314,693,YDWSHNGR,24500000.0,23,8420,84500000.0,0.28994082840236685,100.0
1315,693,YDWSHNGR,24500000.0,23,8567,84500000.0,0.28994082840236685,100.0
1316,693,YDWSHNGR,24500000.0,23,9442,84500000.0,0.28994082840236685,100.0
1317,693,YDWSHNGR,24500000.0,23,10725,84500000.0,0.28994082840236685,100.0
1318,693,YDWSHNGR,24500000.0,23,10862,84500000.0,0.28994082840236685,100.0
1319,693,YDWSHNGR,24500000.0,23,11278,63000000.0,0.3888888888888889,100.0
1320,693,YDWSHNGR,24500000.0,23,11572,84500000.0,0.28994082840236685,100.0
1321,693,YDWSHNGR,24500000.0,23,11591,84500000.0,0.28994082840236685,100.0
1322,693,YDWSHNGR,24500000.0,23,11622,84500000.0,0.28994082840236685,100.0
1323,693,YDWSHNGR,24500000.0,23,11662,84500000.0,0.28994082840236685,100.0
1324,693,YDWSHNGR,24500000.0,23,11677,84500000.0,0.28994082840236685,100.0
1325,694,GYGVVSSK,9248830.0,2,4763,51823756.0,0.1784669949434001,50.0
1326,694,GYGVVSSK,9248830.0,2,9777,51823756.0,0.1784669949434001,50.0
1327,695,AFISEAHR,6045254.0,1,18789,-1.0,,
1328,696,YSPDINK,91700000.0,1,20300,-1.0,,
1329,697,DSYVGDEAQSK,22100000.0,5,1851,36700000.0,0.6021798365122616,100.0
1330,697,DSYVGDEAQSK,22100000.0,5,2376,36700000.0,0.6021798365122616,100.0
1331,697,DSYVGDEAQSK,22100000.0,5,2394,36700000.0,0.6021798365122616,100.0
1332,697,DSYVGDEAQSK,22100000.0,5,2896,36700000.0,0.6021798365122616,100.0
1333,697,DSYVGDEAQSK,22100000.0,5,3024,36700000.0,0.6021798365122616,100.0
1334,698,VRPQDLAR,5735211.0,1,222,-1.0,,
1335,699,ALHPYVAQR,2515217.2,1,2024,4320382.7,0.5821746300391398,100.0
1336,700,AQVANLTK,4147427.8,2,2067,-1.0,,
1337,700,AQVANLTK,4147427.8,2,13304,-1.0,,
1338,701,AAVVHGAELR,1269915.8,3,1930,-1.0,,
1339,701,AAVVHGAELR,1269915.8,3,9535,-1.0,,
1340,701,AAVVHGAELR,1269915.8,3,13527,-1.0,,
1341,702,GNSFVAR,15300000.0,1,20167,46500000.0,0.32903225806451614,100.0
1342,703,KIDSDLEGHPTPR,8377146.0,2,10740,-1.0,,
1343,703,KIDSDLEGHPTPR,8377146.0,2,17689,-1.0,,
1344,704,RTTPSPGALR,142000000.0,1,14191,-1.0,,
1345,705,QQEFIRER,14800000.0,1,1575,25353571.0,0.5837441991899287,100.0
1346,706,ALHEGAFASTK,146000000.0,2,11796,147099570.9,0.9925249890718749,100.0
1347,706,ALHEGAFASTK,146000000.0,2,20082,147099570.9,0.9925249890718749,100.0
1348,707,SSKVDINALVAEIAK,104519.55,1,9839,-1.0,,
1349,708,RLELDQR,31800000.0,1,13884,66300000.0,0.4796380090497738,100.0
1350,709,AAAAAVAVRAK,23500000.0,1,15953,-1.0,,
1351,710,IMAEEGPR,4973435.5,3,3049,-1.0,,
1352,710,IMAEEGPR,4973435.5,3,9571,-1.0,,
1353,710,IMAEEGPR,4973435.5,3,10258,-1.0,,
1354,711,VQESTAAPVAASNR,8255001.0,3,2933,-1.0,,
1355,711,VQESTAAPVAASNR,8255001.0,3,8500,-1.0,,
1356,711,VQESTAAPVAASNR,8255001.0,3,15702,-1.0,,
1357,712,MLSNMENR,25400000.0,1,5698,-1.0,,
1358,713,YTKIWSGPR,488654.94,0,,,,
1359,714,HTFAEAVGK,3871979.2,1,18092,-1.0,,
1360,715,MVQGLKDASVQR,21000000.0,1,11161,-1.0,,
1361,716,RAGPNYQEGLR,15100000.0,3,4394,34272202.2,0.4405903044071092,100.0
1362,716,RAGPNYQEGLR,15100000.0,3,8697,34272202.2,0.4405903044071092,100.0
1363,716,RAGPNYQEGLR,15100000.0,3,12622,34272202.2,0.4405903044071092,100.0
1364,717,KGSVEYLR,1217387.1,1,13937,4073602.9,0.2988477595594799,100.0
1365,718,ANAHGIDLNR,4647776.0,2,2419,7377585.8,0.6299860314738732,100.0
1366,718,ANAHGIDLNR,4647776.0,2,8937,7377585.8,0.6299860314738732,100.0
1367,719,DEDTNYGYPQKR,4380072.5,2,2801,-1.0,,
1368,719,DEDTNYGYPQKR,4380072.5,2,8924,-1.0,,
1369,720,GITTPENPFR,147000000.0,1,3565,-1.0,,
1370,721,KFYGLANR,123618.99,1,16935,-1.0,,
1371,722,GQDLAGSLGNR,704071.1,2,1809,-1.0,,
1372,722,GQDLAGSLGNR,704071.1,2,13828,-1.0,,
1373,723,AVNSSGYAFHSK,2274926.0,2,4763,51823756.0,0.043897358578177934,50.0
1374,723,AVNSSGYAFHSK,2274926.0,2,9777,51823756.0,0.043897358578177934,50.0
1375,724,DGSHLDSGPYR,4285629.0,5,3671,11977772.5,0.3577984971746625,100.0
1376,724,DGSHLDSGPYR,4285629.0,5,5779,11977772.5,0.3577984971746625,100.0
1377,724,DGSHLDSGPYR,4285629.0,5,6355,11977772.5,0.3577984971746625,100.0
1378,724,DGSHLDSGPYR,4285629.0,5,6910,11977772.5,0.3577984971746625,100.0
1379,724,DGSHLDSGPYR,4285629.0,5,10229,11977772.5,0.3577984971746625,100.0
1380,725,QVPSSALR,1613927.5,1,13589,-1.0,,
1381,726,VIQKFPENGR,927214.06,1,19656,-1.0,,
1382,727,QLVENAPGNR,41600000.0,1,2957,111600000.0,0.3727598566308244,100.0
1383,728,GAVPGGAPTGPAAAAASK,1037897.8,1,18431,-1.0,,
1384,729,LLQSQEQLR,499006.38,1,2247,-1.0,,
1385,730,ERFDSEMR,3854562.0,2,17193,-1.0,,
1386,730,ERFDSEMR,3854562.0,2,17683,-1.0,,
1387,731,AKSGSVEDSHFNK,72281.75,1,11708,-1.0,,
1388,732,FLNLLPAR,617089.8,2,9577,-1.0,,
1389,732,FLNLLPAR,617089.8,2,17022,-1.0,,
1390,733,RAIYHATFR,3600625.0,1,12920,-1.0,,
1391,734,IGPEPTTDR,3991045.5,2,12530,-1.0,,
1392,734,IGPEPTTDR,3991045.5,2,19776,-1.0,,
1393,735,IGREVAIR,12300000.0,1,16638,-1.0,,
1394,736,VAQGAGVMER,8913534.0,1,14047,-1.0,,
1395,737,ITDSMICAAVLGR,190101.4,1,20855,401600000.0,0.00047336005976095615,50.0
1396,738,TQLRLEAER,1318235.2,2,6520,-1.0,,
1397,738,TQLRLEAER,1318235.2,2,18468,-1.0,,
1398,739,AHLENDAIATR,3729459.0,1,3012,-1.0,,
1399,740,RPGTQAPPTLER,40300000.0,2,4763,51823756.0,0.777635646478422,100.0
1400,740,RPGTQAPPTLER,40300000.0,2,9777,51823756.0,0.777635646478422,100.0
1401,741,FTAAAINAGNADFR,1855849.1,0,,,,
1402,742,IRDLYQR,26000000.0,2,18455,39873572.5,0.6520609609284446,100.0
1403,742,IRDLYQR,26000000.0,2,19015,39873572.5,0.6520609609284446,100.0
1404,743,KQEQLTDEYR,543492.44,1,13362,-1.0,,
1405,744,STAENSGTNPLR,1187695.5,1,2262,-1.0,,
1406,745,LANIAAGNK,2019202.2,1,13484,12319202.2,0.16390689650341156,50.0
1407,746,NLEKVHESFR,3544838.5,1,2667,2198000000.0,0.0016127563694267517,50.0
1408,747,THEDLTNYR,22300000.0,1,3451,-1.0,,
1409,748,IKKDPTANFTPR,607039.2,1,1025,6375704.2,0.09521131799056799,50.0
1410,749,SIIMLGHNASGR,3308572.5,0,,,,
1411,750,LLKSEEIR,9968403.0,1,649,71068403.0,0.14026490788036985,50.0
1412,751,ATGDAACAPYR,1449562.6,3,2176,-1.0,,
1413,751,ATGDAACAPYR,1449562.6,3,7911,-1.0,,
1414,751,ATGDAACAPYR,1449562.6,3,9272,-1.0,,
1415,752,RLSTSSTPESIR,129816.734,1,17162,-1.0,,
1416,753,NTNLNVDQR,1901883.8,1,354,-1.0,,
1417,754,RPEQLQPQQPQ,1852886.0,11,17,-1.0,,
1418,754,RPEQLQPQQPQ,1852886.0,11,3778,-1.0,,
1419,754,RPEQLQPQQPQ,1852886.0,11,5165,-1.0,,
1420,754,RPEQLQPQQPQ,1852886.0,11,6199,-1.0,,
1421,754,RPEQLQPQQPQ,1852886.0,11,6532,-1.0,,
1422,754,RPEQLQPQQPQ,1852886.0,11,6639,-1.0,,
1423,754,RPEQLQPQQPQ,1852886.0,11,6973,-1.0,,
1424,754,RPEQLQPQQPQ,1852886.0,11,7862,-1.0,,
1425,754,RPEQLQPQQPQ,1852886.0,11,8327,-1.0,,
1426,754,RPEQLQPQQPQ,1852886.0,11,10569,-1.0,,
1427,754,RPEQLQPQQPQ,1852886.0,11,21066,-1.0,,
1428,755,SGTTLMR,12000000.0,3,3557,-1.0,,
1429,755,SGTTLMR,12000000.0,3,8429,-1.0,,
1430,755,SGTTLMR,12000000.0,3,11932,-1.0,,
1431,756,KSSKTIDR,4439922.5,1,865,-1.0,,
1432,757,YGGGFGSR,20900000.0,2,2405,31731654.0,0.6586483011569457,100.0
1433,757,YGGGFGSR,20900000.0,2,3937,31731654.0,0.6586483011569457,100.0
1434,758,FAGGLAAVK,20100000.0,1,17278,-1.0,,
1435,759,GHLNAELRK,109104.04,1,5257,28009104.04,0.003895306320551623,50.0
1436,760,VVTVENAER,52500000.0,3,10759,-1.0,,
1437,760,VVTVENAER,52500000.0,3,13325,-1.0,,
1438,760,VVTVENAER,52500000.0,3,20751,-1.0,,
1439,761,SGEGMGIR,28500000.0,2,18211,52400000.0,0.5438931297709924,100.0
1440,761,SGEGMGIR,28500000.0,2,20087,52400000.0,0.5438931297709924,100.0
1441,762,IRVEMSSGR,5131197.5,3,919,-1.0,,
1442,762,IRVEMSSGR,5131197.5,3,5700,-1.0,,
1443,762,IRVEMSSGR,5131197.5,3,11991,-1.0,,
1444,763,ASVHIKVPK,3514867.0,2,2757,5235694.8,0.6713277099345057,100.0
1445,763,ASVHIKVPK,3514867.0,2,5338,5235694.8,0.6713277099345057,100.0
1446,764,TMADIQR,48100000.0,1,12298,-1.0,,
1447,765,KTLEINPR,2251923.5,1,16430,-1.0,,
1448,766,YSGHSMSDPGTSYR,1627397.5,3,11779,11512988.5,0.14135317689234206,50.0
1449,766,YSGHSMSDPGTSYR,1627397.5,3,13851,11512988.5,0.14135317689234206,50.0
1450,766,YSGHSMSDPGTSYR,1627397.5,3,19807,11512988.5,0.14135317689234206,50.0
1451,767,SGSPVEYSGGR,1110000000.0,1,3136,-1.0,,
1452,768,KQQVLYQNSVR,60500000.0,1,4487,98606487.06,0.6135498972109918,100.0
1453,769,KDHSFDK,39800000.0,1,12927,-1.0,,
1454,770,QQVLYQNSVR,506487.06,1,4487,98606487.06,0.005136447662837974,50.0
1455,771,TATAPVNILGAK,3411163.5,5,5628,3719712.2800000003,0.917050363906103,100.0
1456,771,TATAPVNILGAK,3411163.5,5,8770,3719712.2800000003,0.917050363906103,100.0
1457,771,TATAPVNILGAK,3411163.5,5,11646,3719712.2800000003,0.917050363906103,100.0
1458,771,TATAPVNILGAK,3411163.5,5,13781,3719712.2800000003,0.917050363906103,100.0
1459,771,TATAPVNILGAK,3411163.5,5,15532,3719712.2800000003,0.917050363906103,100.0
1460,772,YVTAAGSTSVPITMKTQISDEFVKTR,82769.53,2,6068,-1.0,,
1461,772,YVTAAGSTSVPITMKTQISDEFVKTR,82769.53,2,12158,-1.0,,
1462,773,HGLFEQK,40700000.0,1,12680,-1.0,,
1463,774,GTVVTGRLER,9123912.0,1,18554,-1.0,,
1464,775,KADEILER,1021425.6,1,1993,-1.0,,
1465,776,LSHENVELQR,3178871.8,1,6344,147178871.8,0.02159869661400679,50.0
1466,777,SGEYLAR,13100000.0,1,13544,-1.0,,
1467,778,NIGAQHAFGR,41500000.0,1,686,-1.0,,
1468,779,AHLVLNAK,3377031.8,1,14610,-1.0,,
1469,780,DMDDYSR,154000000.0,1,2411,211600000.0,0.7277882797731569,100.0
1470,781,KEEDDLYR,6778534.5,1,3160,-1.0,,
1471,782,TVPYSEK,620626.6,1,554,-1.0,,
1472,783,NNLLVEHGGR,12600000.0,1,14446,-1.0,,
1473,784,QYGQLQAGR,36200000.0,21,3608,84500000.0,0.4284023668639053,100.0
1474,784,QYGQLQAGR,36200000.0,21,4462,84500000.0,0.4284023668639053,100.0
1475,784,QYGQLQAGR,36200000.0,21,4528,84500000.0,0.4284023668639053,100.0
1476,784,QYGQLQAGR,36200000.0,21,4774,84500000.0,0.4284023668639053,100.0
1477,784,QYGQLQAGR,36200000.0,21,5044,84500000.0,0.4284023668639053,100.0
1478,784,QYGQLQAGR,36200000.0,21,5129,84500000.0,0.4284023668639053,100.0
1479,784,QYGQLQAGR,36200000.0,21,6369,84500000.0,0.4284023668639053,100.0
1480,784,QYGQLQAGR,36200000.0,21,6754,84500000.0,0.4284023668639053,100.0
1481,784,QYGQLQAGR,36200000.0,21,6981,84500000.0,0.4284023668639053,100.0
1482,784,QYGQLQAGR,36200000.0,21,7994,84500000.0,0.4284023668639053,100.0
1483,784,QYGQLQAGR,36200000.0,21,8406,84500000.0,0.4284023668639053,100.0
1484,784,QYGQLQAGR,36200000.0,21,8420,84500000.0,0.4284023668639053,100.0
1485,784,QYGQLQAGR,36200000.0,21,8567,84500000.0,0.4284023668639053,100.0
1486,784,QYGQLQAGR,36200000.0,21,9442,84500000.0,0.4284023668639053,100.0
1487,784,QYGQLQAGR,36200000.0,21,10725,84500000.0,0.4284023668639053,100.0
1488,784,QYGQLQAGR,36200000.0,21,10862,84500000.0,0.4284023668639053,100.0
1489,784,QYGQLQAGR,36200000.0,21,11572,84500000.0,0.4284023668639053,100.0
1490,784,QYGQLQAGR,36200000.0,21,11591,84500000.0,0.4284023668639053,100.0
1491,784,QYGQLQAGR,36200000.0,21,11622,84500000.0,0.4284023668639053,100.0
1492,784,QYGQLQAGR,36200000.0,21,11662,84500000.0,0.4284023668639053,100.0
1493,784,QYGQLQAGR,36200000.0,21,11677,84500000.0,0.4284023668639053,100.0
1494,785,KAAEAEASRSGK,17100000.0,1,2540,-1.0,,
1495,786,MAQMGQVRGK,8522478.0,1,12429,-1.0,,
1496,787,IVGFKPK,212000000.0,1,6624,216792028.06,0.9778957367441863,100.0
1497,788,FQAAMDQK,51500000.0,1,7086,-1.0,,
1498,789,AMAASYNNPER,12600000.0,2,7302,-1.0,,
1499,789,AMAASYNNPER,12600000.0,2,12562,-1.0,,
1500,790,YLAEDQPR,3272692.5,1,19811,-1.0,,
1501,791,MLADQAEAR,31300000.0,1,985,39925365.2,0.7839627726185457,100.0
1502,792,STMDPVEK,26500000.0,1,1059,-1.0,,
