,peptide,intensity,occurrence,protIndex
0,APAQTAVVEYPGDIVVKPGQVLTPTQVKDEPCVK,80093.12,1,[12482]
1,VRGGGTHR,5474654.0,1,[649]
2,GHVSHGHGR,4800555.5,1,[588]
3,KAAEAQRLR,228698.16,3,"[3064, 5943, 6807]"
4,HVSIALGYR,1368396.6,1,[4596]
5,KSTAQARR,817284.2,0,[]
6,GNAGGMHHHR,5066516.5,1,[588]
7,GKSELQTQSDSQR,77600000.0,1,[2667]
8,SPEAKAR,1099570.9,2,"[11796, 20082]"
9,QQREQEER,2554197.8,1,[1575]
10,MEASAKR,2153511.8,2,"[7241, 18320]"
11,VSQVSHK,811302.0,1,[765]
12,VASVQHHK,1210658.2,1,[3302]
13,KCAEENRK,9657905.0,7,"[2139, 6356, 8918, 8967, 9524, 9721, 10881]"
14,YKTDKER,26200000.0,1,[5727]
15,RQNDIKK,16900000.0,1,[2667]
16,HNPPGTR,15500000.0,1,[19143]
17,TKADGTPR,6065752.5,1,[519]
18,VPSAGSGSR,289382.8,1,[12123]
19,MFSHKFICGSLTK,721703.7,1,[3230]
20,LVEINGQPR,759612.94,3,"[679, 8040, 9772]"
21,KAEQGVR,2394591.8,3,"[4614, 11649, 15924]"
22,HLDAGER,1883806.6,1,[7545]
23,VFGGGSVGGGSR,78276.45,1,[1027]
24,SNAFKDASK,112250.68,1,[13209]
25,TKAVGNILR,355840.4,0,[]
26,LYRERSQTAR,2571045.2,4,"[4166, 5082, 10933, 11018]"
27,KAMVDAAR,178643.39,9,"[1521, 4071, 4472, 5434, 5462, 7282, 10100, 10478, 10526]"
28,APRAPRAPR,425481.0,4,"[4612, 10408, 14725, 21176]"
29,EDLAKANLPENR,154018.6,2,"[10834, 19686]"
30,KRAANGR,25000000.0,1,[1658]
31,KSNTPER,2319347.2,3,"[1070, 9714, 18961]"
32,AHSNNDEVK,7340963.0,1,[10109]
33,ANVSSHTSR,1343385.5,1,[1140]
34,KTTTSTTAAR,1158238.6,1,[18595]
35,HNSQVQER,2429829.2,1,[16870]
36,AKGHYATSR,596423.5,4,"[3783, 7440, 16904, 20960]"
37,QSLSGMGR,381520.34,3,"[8335, 17129, 20720]"
38,TLAVLNPLR,417029.38,1,[15602]
39,AKSHIER,136570.33,2,"[7662, 8985]"
40,GYIGDTK,1377208.2,1,[20437]
41,KYGQGSR,3339902.8,1,[715]
42,SESSSQSSSHSSSQSTSNSSSNVQSK,7187178.0,1,[2667]
43,DAGMSHSR,2900209.0,2,"[1795, 5569]"
44,HQSDRYAK,1391390.1,1,[1051]
45,VRREPDSQR,1016885.6,1,[1736]
46,YRQDDDQR,11800000.0,1,[384]
47,KLMSNLR,70591.42,1,[2859]
48,HMEALLQK,147338.52,1,[14794]
49,KPGGGSNGPAK,248132.16,1,[14215]
50,VRTQPGQNNR,3005523.2,23,"[3608, 4462, 4528, 4774, 5044, 5129, 5663, 6369, 6754, 6981, 7994, 8406, 8420, 8567, 9442, 10725, 10862, 11278, 11572, 11591, 11622, 11662, 11677]"
51,TQSESKSESSSQSSSHSSSQSTSNSSSNVQSK,1972235.9,1,[2667]
52,KNPAALAARR,125588.664,1,[1581]
53,KAANPMSR,1440839.8,1,[1834]
54,VDGHADAQSTR,10600000.0,23,"[3608, 4462, 4528, 4774, 5044, 5129, 5663, 6369, 6754, 6981, 7994, 8406, 8420, 8567, 9442, 10725, 10862, 11278, 11572, 11591, 11622, 11662, 11677]"
55,LTQATRR,85493.27,1,[7514]
56,AKQAITK,3099237.0,1,[11014]
57,RRQEEVQR,7051734.0,1,[8612]
58,HALKFKR,2096511.9,1,[16173]
59,MRHRDPR,3774308.5,1,[15034]
60,ADETPDQHGR,792090.1,4,"[7050, 7405, 9869, 9949]"
61,LQREEQQR,851800.56,2,"[17210, 17796]"
62,RQTHIHR,1238007.2,2,"[6073, 17724]"
63,HRAEKAYK,621429.1,1,[13472]
64,TFVMRKER,920175.4,1,[13295]
65,KAYEALLR,608953.3,2,"[3961, 7207]"
66,IEHIHHSK,1252249.1,1,[15929]
67,MDASERGR,8065745.0,1,[18986]
68,TSSSSSHSNSQNSQSSSSQSSQASQSEAQR,26300000.0,1,[2667]
69,RQEEVQR,6323213.0,1,[8612]
70,GHVKPVR,4312120.5,1,[270]
71,DSTDVSRDQQK,1234497.6,1,[1762]
72,RASSSAATPSTAR,440769.62,1,[19487]
73,LRHSQVR,5165454.5,1,[759]
74,YDSNSGGER,540760.9,1,[46]
75,AHAHIDTK,2070879.2,1,[19723]
76,TGQQGSVTSR,2790928.0,1,[420]
77,KAGESTMR,365332.56,1,[2816]
78,PINNSIK,475002.62,1,[18480]
79,EGHVVSR,16700000.0,1,[20105]
80,EEAQLLSSVR,65224.617,1,[14860]
81,KLTNEQR,3075985.2,1,[1423]
82,QLADLQR,386030.72,1,[3215]
83,KDAVAQQER,79782.36,1,[1736]
84,RMDASER,16700000.0,1,[18986]
85,ESEMQQK,9366010.0,1,[18461]
86,TINLSNIANHVHLESK,139222.47,1,[2333]
87,GKTAQEMR,37500000.0,2,"[3941, 8998]"
88,INHVVHK,666142.9,1,[8104]
89,LHEKEDGSVK,633156.0,1,[12369]
90,SHLDSANR,2836353.8,2,"[1069, 1259]"
91,ANFSEHKR,1472680.5,2,"[10470, 15667]"
92,IQTENDQK,94200000.0,1,[2667]
93,VTTEEGR,322790.5,1,[13685]
94,KSAPATGGVK,27400000.0,1,[3158]
95,KMQPPPR,51838.1,1,[16990]
96,THADEREMR,4092745.5,1,[4943]
97,QSARLVFNEDDAKPK,400793.53,5,"[228, 4630, 4790, 5546, 9575]"
98,LVEKHPDGGR,3266151.5,1,[397]
99,VTRGDYQK,865868.8,1,[1749]
100,REEAVTR,11800000.0,1,[18686]
101,YVDEASKK,631865.6,1,[958]
102,TAAAQPSGSSLR,82977.99,3,"[9110, 9130, 14895]"
103,RVENHWR,68805.06,1,[2111]
104,LAADTGKGGQR,3998204.2,2,"[2428, 10861]"
105,LKVQHRSSTR,184911.7,2,"[7887, 19333]"
106,ITSNVMK,1348010.2,4,"[4691, 5170, 7686, 14370]"
107,VAHQFGKK,60100000.0,1,[19753]
108,SQAAEHAVR,606774.4,2,"[3640, 11844]"
109,KAIDAER,5300686.5,3,"[8218, 9101, 13287]"
110,LQQETQR,1727631.8,2,"[10834, 19686]"
111,RDPHGQEMR,1391907.1,1,[1334]
112,SKDPEGLR,1249384.5,1,[3069]
113,GGNSQGGGGGGGGGGGYSR,657267.3,2,"[2563, 6550]"
114,TEASFLHR,3164732.5,1,[11940]
115,KPSKPGR,273952.12,1,[12479]
116,FSMPLMMAFPIGR,298451.38,1,[4073]
117,GNHQLSENR,2636104.8,1,[9648]
118,EGSYGNQSR,3799377.0,5,"[4348, 5816, 9947, 11269, 17501]"
119,SSTTANALDR,3538080.5,2,"[10106, 11054]"
120,SETVRPR,5411926.5,0,[]
121,AKTAQEMR,500332.06,1,[6624]
122,PAPTPTAR,77348.75,0,[]
123,RLEPHER,3375109.8,2,"[8364, 18175]"
124,QNHEMSAENR,3023716.2,1,[2591]
125,RWSSTSDVR,908646.0,1,[5028]
126,NFPDPER,4852721.0,1,[2597]
127,THTTAVSAR,2139138.0,1,[448]
128,QVAQQEAQR,2768192.8,3,"[4095, 7704, 19205]"
129,MASNATGTR,685565.9,1,[15170]
130,GGGGGGGGGGGNVQPR,1434804.8,2,"[2563, 6550]"
131,HEDSDIR,26900000.0,6,"[4270, 12460, 15387, 15417, 15691, 20932]"
132,GVLTAHMRR,220165.8,1,[16856]
133,QHQESLNQQH,6212820.5,1,[8612]
134,MSSAAKKR,9011706.0,1,[12371]
135,TIMTSVGR,226844.19,7,"[4013, 5551, 5836, 5958, 7928, 10225, 15554]"
136,WKGYMFGRR,2923304.5,2,"[4953, 18193]"
137,TSPSDSKSSK,590028.7,0,[]
138,EKIEALQR,11200000.0,1,[17735]
139,QAKALVDVLR,316905.1,3,"[1680, 4947, 16042]"
140,TTAKSAGASVGR,12500000.0,1,[16478]
141,TLPESGR,249767.67,1,[13280]
142,HGRPGIGATHSSR,1535439.2,2,"[15684, 20104]"
143,FGLSQISSAR,682492.8,2,"[4768, 7194]"
144,KVLNVYR,2973440.5,2,"[3563, 5022]"
145,EFATKDIR,7702261.5,1,[10830]
146,VPQEQER,8297541.0,1,[1854]
147,RPSGTAQGSK,19900000.0,1,[17065]
148,LQSQLQSQNR,89300000.0,1,[5727]
149,EVTVTDAKNK,7368604.0,1,[713]
150,GPFVSLSEPR,547320.4,4,"[4064, 4461, 7539, 9176]"
151,SAVNHASGVR,5424406.5,2,"[12348, 13291]"
152,IQTTSPEKFR,564472.5,5,"[5223, 6902, 10065, 13773, 13985]"
153,TGAAKLPQQR,992076.1,1,[19508]
154,ESLQHNPQR,22500000.0,1,[14970]
155,GKSELQTQSDSQRR,63000000.0,1,[2667]
156,RLPNNSGDGR,3437020.5,1,[12482]
157,QGQEGGYQQRPSGQQQGGHQQGR,1777811.2,5,"[2920, 2920, 2920, 2920, 2920]"
158,MDINVVQER,3080554.0,6,"[7920, 8105, 8817, 9742, 10363, 11598]"
159,LHNISNK,37600000.0,1,[4487]
160,FTDTRKDEQER,2627561.5,1,[1562]
161,TVLGTESAPR,3214046.8,1,[5919]
162,TKDHVDYNR,7731367.5,1,[6615]
163,QFLPIFLRAPK,1452805.0,1,[2429]
164,QHMLTAHSGRR,142890.45,1,[14247]
165,LIHQASGR,13200000.0,1,[1530]
166,PEYKDHFR,248041.56,1,[14015]
167,ELDDKSASQSQSESK,21000000.0,1,[2667]
168,GTARGSNRDR,173974.48,2,"[169, 10571]"
169,HPYAEER,1248066.9,1,[2866]
170,GKSQLQLR,1551999.8,1,[1208]
171,VDNDDQPSTSR,2665819.5,1,[19566]
172,AQVGPASK,10000000.0,1,[19069]
173,TSSSSSHSNSQNSQSSSSQSSQASQSEAQRQEAGNR,4033831.0,1,[2667]
174,IQTENDQKTSSSSSHSNSQNSQSSSSQSSQASQSEAQR,14700000.0,1,[2667]
175,KDKAHTAK,186924.11,1,[1752]
176,KSSGEKQR,394019.88,0,[]
177,PTKTFNGFAFEFNSLVSSGR,3905802.0,1,[18715]
178,SWSKDQR,5766451.0,5,"[4270, 15387, 15417, 15691, 20932]"
179,LPNNSGDGR,8500956.0,1,[12482]
180,KFNTEQTK,6636229.0,2,"[3941, 8998]"
181,RGYVAGDSK,7408699.0,2,"[1561, 2456]"
182,QSQLQSQR,715000000.0,1,[16301]
183,SQAEISK,110000000.0,1,[2667]
184,PKTTPRR,14100000.0,1,[5664]
185,RYPSGEER,9007530.0,1,[3259]
186,QLKAEKLK,29400000.0,1,[358]
187,ALSGSHQVR,42800000.0,1,[2546]
188,NQGSNQSALK,25600000.0,1,[1500]
189,GSQSQLQSQNR,1060000000.0,1,[5727]
190,RGQAALAR,14500000.0,1,[569]
191,AALAAEKR,17300000.0,1,[649]
192,SPGMNDR,9472568.0,1,[18765]
193,RTPLQFSR,1075721.6,0,[]
194,VQSSGYR,10700000.0,11,"[5587, 6348, 10719, 11326, 13135, 13286, 15354, 15501, 15515, 17170, 20706]"
195,QNEYEGSR,3890309.5,1,[1412]
196,GGGAGGGGGGGAEK,639399.9,1,[16787]
197,VAHQFGK,1370000000.0,1,[19753]
198,SELQTQSDSQRR,116000000.0,1,[2667]
199,IQSVETR,359120.34,2,"[11714, 18025]"
200,YEATTDR,8509073.0,1,[5879]
201,QLQSNGEPAYR,4010187.0,1,[2239]
202,ATDLHEEQDR,1670741.2,3,"[14377, 15871, 16887]"
203,LQQELKK,285000000.0,1,[2667]
204,KLTEVQQK,51800000.0,1,[2667]
205,SGTHNMYR,46400000.0,1,[32]
206,KAEMATR,555690.5,1,[10170]
207,GRGGQSGGGVRGVGGGGGGGPGGR,5111643.5,3,"[6772, 11186, 14251]"
208,GGNVGDAGGAADR,9527960.0,2,"[3526, 7490]"
209,QLTASYSDGQLSPR,1086259.8,1,[2813]
210,TVATVSPNVGLIGWR,2020384.8,1,[18331]
211,KVDGQISPR,24200000.0,1,[18340]
212,AAHDSELGAK,4291696.0,1,[6624]
213,CNVNPAR,1350512.0,2,"[569, 8247]"
214,ESEQYDR,547375.8,1,[20883]
215,SSTISYPSR,158000000.0,4,"[3209, 5473, 6709, 6798]"
216,EQQAQESINKQQSSSAGSSSQTK,2143043.5,1,[2667]
217,TGGAAGITAR,423987.47,1,[332]
218,HVENAYER,8962927.0,1,[4290]
219,VNVAAPPKLDK,609731.75,2,"[10923, 13013]"
220,YHTNPQVR,2729809.8,2,"[2419, 8937]"
221,TEAKPVSK,1405102.2,0,[]
222,LGVHEDSNNR,6069160.0,1,[2202]
223,LTGVTGTALPNPR,421679.6,1,[18400]
224,EQQAQESINK,7085317.0,1,[2667]
225,VAAASASNR,27900000.0,3,"[5257, 15030, 17356]"
226,KASDDAESK,495122.75,1,[1748]
227,IQTENDQKTSSSSSHSNSQNSQSSSSQSSQASQSEAQRQEAGNR,863054.3,1,[2667]
228,ASSVLWVPDHAVSR,38200000.0,2,"[12461, 19627]"
229,LASSSAPR,92400000.0,1,[16094]
230,KNPPTNGYR,444661.53,1,[2631]
231,LQTDREVR,2856215.8,1,[13937]
232,ESLRDWLR,102617.24,3,"[2140, 4579, 6100]"
233,SKYESDGVAR,999969.6,9,"[1521, 4071, 4472, 5434, 5462, 7282, 10100, 10478, 10526]"
234,TAVLSQQTR,158804.67,1,[6464]
235,PLLDDENYTR,963947.25,2,"[14441, 17760]"
236,NLETENSR,1398603.8,1,[2108]
237,DTEAVGGER,4437074.0,3,"[1362, 6333, 11119]"
238,GYVAGDSK,3284240.5,2,"[1561, 2456]"
239,DSHGVAQVR,42500000.0,1,[650]
240,SASANATVER,18525.926,1,[3460]
241,TVITLMGGR,17900.492,4,"[4334, 6940, 18244, 20003]"
242,YIDTEHGGSQAR,7357553.0,3,"[10842, 17548, 18543]"
243,KVRASGR,24205.025,6,"[2734, 4457, 4631, 6148, 6801, 9639]"
244,GCTSATTEIK,917869.6,1,[18519]
245,KAIDGTEK,1173334.4,2,"[18246, 20709]"
246,NYVENRPR,1749772.2,1,[181]
247,ERRAILER,154418.36,1,[2589]
248,GYKDEEMGK,2066374.6,1,[10200]
249,KAIAAER,459818.25,1,[136]
250,EQLGSAAGR,1746157.0,1,[8568]
251,KGNFGKR,34934.68,1,[14005]
252,NLPGHAMGHR,22600000.0,1,[12883]
253,STVFINSR,310427.3,1,[18046]
254,YSQTIGGSRR,18700000.0,1,[738]
255,ELANQLKQK,948453.3,1,[874]
256,AVSTPGHSEVR,14000000.0,1,[20652]
257,SSYHIQK,19100000.0,1,[191]
258,KDMDDYSR,5683850.0,1,[2411]
259,LAKVDCTEAGK,2113615.5,1,[19069]
260,QLDETANR,12100000.0,4,"[504, 5605, 7463, 10091]"
261,LTIDKGTSAR,225953.7,1,[7976]
262,AREYFGPTHQK,185783.4,2,"[6670, 15549]"
263,SFANDSR,2667626.5,1,[19471]
264,QYDGTQPDGR,13100000.0,1,[16897]
265,QPGAGGAGVESR,3009642.8,2,"[3108, 8572]"
266,IGFNPPAVER,632339.2,1,[18316]
267,LAGDASGDPR,15200000.0,1,[8517]
268,TPQTIQR,29100000.0,1,[1938]
269,SELQTQSDSQR,546000000.0,1,[2667]
270,AQKLAAAR,144000000.0,1,[6344]
271,KAEDPRK,27900000.0,1,[4737]
272,QISAAVLK,222000000.0,1,[4582]
273,YAEGLRK,57700000.0,1,[17200]
274,AQSTLESQR,3357859.0,1,[2808]
275,YGASLRK,11700000.0,1,[3500]
276,AGETLHGHR,303983.44,1,[20863]
277,SLGVDKER,2867481.5,1,[3547]
278,GGQGDRGQGGGGWGGQNR,2452637.5,1,[63]
279,VSMHPGPR,4329474.5,4,"[3626, 6023, 9982, 14094]"
280,LAHTSLR,204598.73,1,[18587]
281,NIHEIEKAR,225490.56,9,"[1521, 4071, 4472, 5434, 5462, 7282, 10100, 10478, 10526]"
282,EAKLTAAQR,11800000.0,1,[813]
283,QEPETPGTR,293709.38,13,"[1392, 4336, 4795, 5033, 5083, 5697, 6417, 7848, 8317, 9570, 9983, 10866, 11148]"
284,VYHDRQPGAGGAGVESR,4985714.0,2,"[3108, 8572]"
285,AINSHPMGR,23400000.0,1,[16685]
286,KSAYNAPR,414587.78,4,"[7718, 8267, 8435, 18294]"
287,ILASQNAK,7860442.0,1,[12689]
288,GSGGPGGAYGSGR,4666642.0,7,"[3141, 3899, 4912, 5465, 12144, 13021, 20936]"
289,AVLDAHQR,387465.16,3,"[7444, 12808, 16030]"
290,LAHQNGFR,6663524.0,1,[113]
291,KASPARTPR,8507042.0,1,[10172]
292,VMTDEEGR,4973865.0,1,[912]
293,IDQGHHMNYAR,16000000.0,1,[2957]
294,NSLATTAVAAPR,237222.9,2,"[8155, 17767]"
295,KALMHFR,1830013.8,1,[6164]
296,IGAGIHTK,23700000.0,1,[54]
297,YLDKSIIDSK,319251.1,1,[13994]
298,AIAKELR,115000000.0,1,[15596]
299,KIRNTEAR,9835750.0,2,"[6909, 18439]"
300,HDAGLPR,10300000.0,1,[13484]
301,FAHTFRK,23500000.0,1,[8517]
302,SQIATASQDR,5452590.5,1,[1007]
303,EDAANNYAR,1704892.4,4,"[812, 861, 3336, 3378]"
304,REFSSYGR,4313871.0,1,[6429]
305,NIHEIEK,13200000.0,9,"[1521, 4071, 4472, 5434, 5462, 7282, 10100, 10478, 10526]"
306,SVTTDKLQSER,97865.44,1,[4219]
307,SAETGEWHQK,1080508.5,3,"[4294, 15880, 16066]"
308,ESEELQR,5032085.0,1,[1736]
309,VVEAQSATGTR,4810464.0,1,[13247]
310,PQATSTR,551248.06,4,"[10628, 12159, 18081, 21150]"
311,HYETISR,13500000.0,1,[20159]
312,GFGSDSNTR,3335807.2,1,[1501]
313,TRVNESNDLR,948707.56,1,[14243]
314,VIAHSQIR,26000000.0,1,[54]
315,VIGGHVTTNAK,82600000.0,1,[20855]
316,QIIVEGRR,600708.7,1,[3204]
317,QIENSATDAR,2249819.2,1,[15807]
318,GLSGNSEAETSR,4967366.5,1,[13031]
319,ANRFNVENRAHR,1650012.8,1,[3296]
320,DQQRYPQQEPR,5484385.5,1,[1575]
321,SSQQQEQPQQSQSQNVPAK,2456591.2,1,[1008]
322,KELNMGQR,750034.44,1,[1802]
323,KSGVLVCR,3153772.5,1,[12259]
324,TLTEVHR,1965822.9,2,"[13954, 16835]"
325,TNFNERHEEIRR,4990333.5,1,[268]
326,EHAALEPR,56800000.0,2,"[15690, 17600]"
327,TVAAKSPR,1603536.8,2,"[5815, 16663]"
328,IESYGSQSGK,3986265.0,1,[1516]
329,QVHPDTGISSK,8814151.0,1,[1126]
330,YLHNVDSNSNNNER,847418.6,2,"[3453, 3707]"
331,TSSDLSEK,2139846.5,2,"[4853, 16867]"
332,NGQIGDQGPR,31200000.0,1,[20167]
333,SETSGPAVR,321683.16,1,[19789]
334,DAVTYTEHAKR,571274.4,1,[1127]
335,DASQTVGPR,7695871.0,1,[1702]
336,RTQDSGGGNGAR,4970919.5,2,"[5471, 7362]"
337,KSLSLDHSIQR,677338.3,4,"[4897, 8732, 10797, 11005]"
338,FRGEHALR,3330408.0,1,[3259]
339,SDTQTQSQLQESK,156000000.0,1,[2667]
340,KEGEAPYASR,718991.75,1,[5494]
341,PVRCTNCARCVPK,113722.97,1,[270]
342,KAIEVVSK,2416729.2,1,[20821]
343,STKESIDICAK,2190030.5,1,[17596]
344,ASISSGQLR,851830.94,1,[11817]
345,ENYHLNLK,306045.62,1,[18872]
346,ASDAQEYDGGR,91100000.0,1,[3303]
347,SSMGPPQR,23100000.0,1,[295]
348,YTQQAPPTR,1669906.8,2,"[7144, 14161]"
349,TGGGNNQSNGPLR,1051481.6,1,[13133]
350,RMMMQSGR,21700000.0,2,"[2428, 10861]"
351,LEFATSQR,2843725.2,3,"[2343, 7104, 10552]"
352,MSNLKRFDDEER,2712081.5,1,[1397]
353,TTVDLLAK,9065388.0,1,[20407]
354,SLAVDWISQR,22300000.0,2,"[3980, 10924]"
355,STTDAECVR,1252355.4,1,[16447]
356,ADDVGSDADAGSASR,10900000.0,1,[14080]
357,YDQEHPVQPR,1399270.5,3,"[8459, 16877, 20581]"
358,RTVTDNTIR,3063903.8,3,"[1015, 4465, 18354]"
359,YVSHPDYNR,845594.9,2,"[8106, 9744]"
360,RLSYNTR,56200000.0,2,"[17250, 20497]"
361,LKEQEQLR,1170000000.0,1,[2667]
362,KCYDRFPNELR,653037.7,3,"[11922, 15421, 15487]"
363,VHDALNATR,5928596.0,1,[1830]
364,KAKAAGGTGSGR,1446117.5,1,[19589]
365,GSSAGFDR,14300000.0,1,[1083]
366,QHPSVAGMK,7562566.5,1,[12609]
367,KYQEQLR,779535.75,11,"[3588, 4830, 4860, 6447, 6668, 7320, 7470, 9745, 11352, 12142, 15887]"
368,TTNTLMDLEER,5069185.5,2,"[18455, 19015]"
369,YNPDHLK,2724945.0,1,[2209]
370,QEQEQLR,372006.22,2,"[7588, 12365]"
371,VQQMPHPR,19600000.0,1,[2600]
372,KLEEARQR,1759444.4,2,"[6637, 10777]"
373,GFGRHEDSDIR,15900000.0,6,"[4270, 12460, 15387, 15417, 15691, 20932]"
374,KAPQDSFR,189144.97,1,[12982]
375,KALELQIR,546458.4,1,[1495]
376,IYAEEQERER,5069185.5,1,[1575]
377,KNLYETR,85400000.0,1,[3314]
378,EEIISFINSLSR,863592.2,1,[2945]
379,IGNMEQR,293000000.0,1,[13463]
380,KIKQEYIGNQR,14500000.0,1,[2411]
381,SGTVGFQHR,30800000.0,1,[8]
382,AKKSAHLNANR,2230810.0,1,[11760]
383,IKQEYIGNQR,6136551.5,1,[2411]
384,SFEEETKAR,2290000.0,1,[15761]
385,TYQIHER,2812087.0,4,"[7050, 7405, 9869, 9949]"
386,NRTQSVGLAR,969629.94,1,[18326]
387,NGGLPDLR,88343.62,2,"[4498, 7365]"
388,KLDAIPDR,1910853.4,1,[20753]
389,NQPVVQAR,18400000.0,1,[3007]
390,YSNVEPSR,7171534.0,1,[1504]
391,VSSNLGER,37700000.0,1,[17213]
392,SLAMSSTDTGR,308548.78,5,"[5628, 8770, 11646, 13781, 15532]"
393,TSSGAYVANR,23100000.0,1,[16058]
394,AKYRPGER,150402.22,0,[]
395,ELEIAMAKSNANR,464931.94,1,[13336]
396,SQGGGANNASNLAR,50600000.0,1,[12849]
397,AQEFATK,13100000.0,1,[14738]
398,LSGTGSSGATVR,63600000.0,1,[1308]
399,TGVVTTTR,54000000.0,1,[2957]
400,HNDMQIR,5806412.5,1,[1736]
401,ELRQEVNTER,8804387.0,2,"[18455, 19015]"
402,TATDMTSTTR,451395.6,2,"[5113, 12260]"
403,RGAAVIAAR,2988684.2,1,[18975]
404,VDTISTK,482000000.0,1,[2667]
405,KNVAQFSR,839829.2,2,"[14596, 14976]"
406,AASTPAAAPPAK,1482860.4,1,[139]
407,SETVRPRPAVGGPR,57500000.0,1,[472]
408,QALVNQR,4111189.2,1,[1124]
409,ASTSTPVGGASTSSR,6554395.0,2,"[1140, 11644]"
410,AGQAAGGGELSQR,1805165.5,1,[2024]
411,ELSHPIAR,51800000.0,1,[14015]
412,SDQANPTQGVR,8635836.0,5,"[4270, 15387, 15417, 15691, 20932]"
413,IVTQTPQR,4500314.0,1,[19256]
414,VGATSPTSPTR,4196908.0,2,"[1140, 11644]"
415,DSYVGDEAQSKR,14600000.0,5,"[1851, 2376, 2394, 2896, 3024]"
416,VGPPSSATDNASK,12100000.0,1,[14650]
417,SSDTIEEAK,1858426.8,3,"[14377, 15871, 16887]"
418,FDDEERESKYGR,692273.75,1,[1397]
419,ILIHPHTK,14000000.0,2,"[2231, 8760]"
420,KADKPTVR,363880.62,1,[1317]
421,NGLNGSSSGPEIR,964512.0,1,[4167]
422,LRNIVNK,57700000.0,1,[15660]
423,AKKAAEEAAK,639450.75,1,[3430]
424,KARDSYDVR,120582.16,1,[18505]
425,AALGPNQTR,6288436.5,1,[3358]
426,KVMFSILESRR,4362317.5,3,"[8335, 17129, 20720]"
427,AEMFHGR,123000000.0,1,[5723]
428,GGRGGGGGGGFGGGR,1501077.6,1,[9927]
429,TTTTTTTTTTMR,50000000.0,0,[]
430,INNEIAK,262000000.0,1,[1500]
431,ATHDGTITVGK,2887685.8,1,[20943]
432,VGNNDSYHYAR,19500000.0,1,[7208]
433,PQPISGRYSK,2311541.0,1,[12804]
434,GNVYSEER,1920000000.0,2,"[15969, 16301]"
435,NIVNKYK,20700000.0,1,[15660]
436,HVLSEEPR,999903.56,1,[220]
437,FESMSACGK,1048787.0,2,"[9179, 17412]"
438,GTATTPAAGSAAGDAR,1073646.1,7,"[2541, 5859, 9479, 11298, 11990, 18104, 20975]"
439,SNPSVYSHATGR,4229298.5,1,[16759]
440,SLEDMKQR,2089380.5,2,"[2463, 10581]"
441,IAAPQER,19100000.0,1,[1727]
442,ITSSPKNK,533575.44,1,[2016]
443,KAEKEQLR,5232740.0,1,[17502]
444,ISAEEAKYK,1977351.9,1,[246]
445,VPIQPLVFSSKDGLSK,1603314.8,1,[11284]
446,LSGQDVER,380707.03,6,"[12614, 18349, 18495, 19342, 19829, 20620]"
447,HLNEDLNR,33700000.0,2,"[5114, 14486]"
448,TGEIIAYSEGAIR,296475.66,1,[7229]
449,GELAQDEANTK,1746805.0,1,[1870]
450,GGGGRGGGGGGGR,918439.8,1,[1635]
451,QKNKTGFVK,2257917.0,1,[1398]
452,ATNVHFSGR,23800000.0,23,"[3608, 4462, 4528, 4774, 5044, 5129, 5663, 6369, 6754, 6981, 7994, 8406, 8420, 8567, 9442, 10725, 10862, 11278, 11572, 11591, 11622, 11662, 11677]"
453,VYFLIHAR,123000000.0,1,[1398]
454,DLNSSSR,4158824.5,1,[16269]
455,MQSYEHTHLR,2333297.5,1,[1528]
456,KLTGCQSVIAAASGAK,132799.67,1,[15950]
457,LVPNQDPK,4267990.0,2,"[5229, 11955]"
458,NHLVAAAKYTGIR,4723422.5,1,[18182]
459,DAQTLSER,13000000.0,3,"[15513, 17309, 19641]"
460,GATQAGQNLGAGR,4429031.0,1,[3130]
461,KTSNSSKGDK,9738545.0,1,[3716]
462,KVDHLMGLFR,311213.84,1,[2957]
463,HSDPADPPSVR,7796041.0,1,[12727]
464,SSIDTSSMHR,1596747.0,13,"[1392, 4336, 4795, 5033, 5083, 5697, 6417, 7848, 8317, 9570, 9983, 10866, 11148]"
465,QIASKEASADYAK,421826.16,2,"[990, 18727]"
466,QMHNNGPK,69782.89,3,"[13919, 14473, 15719]"
467,IREEYPDR,25700000.0,7,"[170, 198, 1368, 6817, 8580, 12410, 18180]"
468,LSNADVSTR,5546366.0,2,"[5341, 12502]"
469,VQEENLR,5471769.5,1,[2300]
470,SAPSDYAAR,24100000.0,1,[19725]
471,VTHILHR,72981.15,9,"[4211, 6010, 8369, 9559, 10543, 11379, 17380, 18936, 21076]"
472,YEFALER,452081.0,1,[3486]
473,VKSINNPDVR,572202.2,3,"[4394, 8697, 12622]"
474,AIVHTPPSK,34600000.0,1,[3420]
475,VEVMTNLLAAAR,1522131.0,1,[1171]
476,VNINLEDR,65675.086,2,"[10606, 13808]"
477,ADLEETGR,24000000.0,1,[2960]
478,AKLEEVAAK,1720827.8,2,"[2757, 5338]"
479,GRGPHNLLR,205000000.0,1,[20855]
480,SVSDNDIR,8521359.0,2,"[3526, 7490]"
481,TPAFNSK,1790992.5,1,[384]
482,TTSDGLQFRR,399954.53,1,[12962]
483,SQPEAVPR,7139324.0,2,"[11993, 19515]"
484,LEGTNVNQAR,7685029.0,1,[19156]
485,YVVEAEREK,11700000.0,2,"[17399, 19584]"
486,IASSESKPK,9491540.0,2,"[956, 8534]"
487,RQLTFDEVK,64000000.0,1,[16460]
488,ALEHGAALR,3051289.8,1,[19236]
489,YSQTIGGSR,100000000.0,1,[738]
490,SQVQQLSR,22600000.0,1,[1854]
491,TAEDLQSAR,28300000.0,1,[19204]
492,VDFKAGPR,1774646.2,1,[428]
493,TVEAEAAHGTVTR,13000000.0,5,"[3715, 10414, 13297, 13553, 16554]"
494,EAAVNAVR,8083464.0,18,"[5102, 5409, 5630, 6834, 6944, 7216, 7300, 7407, 7475, 7808, 10468, 10536, 11212, 13911, 14805, 17981, 20952, 21137]"
495,KCEELGGAGNTNVTELEER,2230963.2,12,"[5015, 5060, 5535, 6391, 7140, 7239, 8199, 8299, 9352, 11472, 17654, 21020]"
496,ESLAKSIR,2742493.8,1,[3967]
497,LSHIVTAGK,3125869.5,1,[11597]
498,MLADQAEARR,6408560.0,1,[985]
499,LIQQANEAR,34500000.0,1,[13884]
500,GRNLLNR,1098689.8,1,[348]
501,NLGHQFR,9937716.0,1,[19775]
502,DAITMIHR,118969.54,0,[]
503,LSSIGQR,22900000.0,1,[397]
504,GKEDALVTR,3474232.0,1,[1635]
505,GHLENNPQLEK,14700000.0,1,[589]
506,EKPYPHIQTSSQR,279000000.0,1,[16301]
507,VHQSISMAR,115000000.0,2,"[2218, 9901]"
508,FKELVEK,729981.94,1,[13247]
509,RFIESAR,6601240.0,2,"[109, 9911]"
510,TREEIQEVR,9885591.0,3,"[11779, 13851, 19807]"
511,TIEKFEK,14400000.0,2,"[1561, 2456]"
512,NMYEAAK,4344964.5,1,[1802]
513,ELREIGGH,7540199.5,1,[16649]
514,SFNADVHR,34700000.0,1,[1423]
515,SKMLADQAEAR,2216805.2,1,[985]
516,NGGVAGMAKLAAAK,803172.7,1,[719]
517,NHSGQLLDR,15100000.0,1,[7208]
518,SLQEGTFDSK,1264491.6,1,[945]
519,YGNPEQLKR,2151636.2,1,[7208]
520,ADNSEPLGR,70100000.0,1,[2202]
521,LVQVSKNR,16800000.0,1,[17213]
522,IAKDDVALKDAK,16700000.0,1,[1500]
523,YEAVSDER,19400000.0,1,[348]
524,VDGQISPR,60900000.0,1,[18340]
525,TPGTLAMHR,110738.72,3,"[1584, 7770, 11314]"
526,AAAHLLR,51900000.0,5,"[4270, 15387, 15417, 15691, 20932]"
527,TGYDDSEESPR,1965533.0,1,[19933]
528,FTGSEVR,73300000.0,1,[12849]
529,AVESNNDLER,165000000.0,2,"[2581, 8122]"
530,FVPNEQR,243000000.0,2,"[10470, 15667]"
531,SGSQAQLAPR,5052751.5,1,[14478]
532,KFQAHTR,324788.3,2,"[10935, 17276]"
533,SRTLWGNDLGINKNR,2189106.5,1,[3959]
534,IYAEEQER,1385969.9,1,[1575]
535,QSRADAILSRVR,3032642.2,2,"[2343, 7104]"
536,KYASQQLR,4169936.8,1,[16642]
537,TANGSGWGVR,5619506.0,1,[566]
538,HTIQSTR,133241.56,1,[11954]
539,NHPEHMQNL,18900000.0,1,[7533]
540,GRDVIAQAQSGTGK,5468712.0,2,"[1441, 2726]"
541,KAHLASQYMR,3479881.2,1,[912]
542,KWPQLIDEMVER,35000000.0,1,[3472]
543,HVPVVGR,19400000.0,1,[19207]
544,QVVQHHSQVIYTR,4794574.5,1,[970]
545,GPHNLLR,114000000.0,1,[20855]
546,AGQAIDQGVNR,11700000.0,2,"[4011, 12594]"
547,AFAKDSIR,4797901.5,2,"[685, 961]"
548,DVNIGPHGR,862609.06,1,[12154]
549,TLEGQIELQK,1025068.44,1,[17624]
550,TTKPAYYPDRQR,2566042.0,1,[17346]
551,ELFNEIQSR,2220329.8,1,[2761]
552,VTNSISGDATR,12900000.0,1,[19207]
553,VNDLTVDHSR,23100000.0,1,[384]
554,TQQVLGEK,13800000.0,1,[373]
555,LSEASQAADESER,1939040.8,11,"[352, 3522, 4825, 4880, 5841, 7258, 11152, 18385, 18922, 19786, 20388]"
556,MMMQSGR,162000000.0,2,"[2428, 10861]"
557,QSPQSPTQAVR,3305602.0,3,"[4319, 4622, 15685]"
558,TVMRVGELLR,1002320.06,1,[17859]
559,SNEQSAAQSASQIQSQR,2994604.8,1,[2667]
560,GAFGKPQGTVAR,17400000.0,1,[157]
561,LSEASQAADESERAR,1277453.4,5,"[352, 3522, 18385, 19786, 20388]"
562,STIGNISLIHRFR,2348122.0,2,"[3721, 5206]"
563,QSGDYGYGSGGGGR,5781923.0,2,"[2405, 3937]"
564,PGTAEVIYK,16800000.0,2,"[20109, 20687]"
565,EGRVKIADR,1004447.4,4,"[6318, 6367, 16492, 20573]"
566,QLKEQHMVMR,1578741.8,1,[16735]
567,KAAAAAASAPK,354542.53,1,[1086]
568,ASLPADQASR,14200000.0,1,[12775]
569,NNVALAR,5049731.0,2,"[2405, 3937]"
570,SIASSTQSSSR,373198.3,1,[9295]
571,QEYIGNQR,43100000.0,1,[2411]
572,VVVSDSRVR,263844.53,1,[19079]
573,MVFTIYFR,224703.48,1,[1153]
574,IHDGESK,2204771.2,2,"[1706, 4278]"
575,DGSGGQNSNNSTVGGAYGK,1180116.8,1,[278]
576,SYGGNLR,14700000.0,23,"[3608, 4462, 4528, 4774, 5044, 5129, 5663, 6369, 6754, 6981, 7994, 8406, 8420, 8567, 9442, 10725, 10862, 11278, 11572, 11591, 11622, 11662, 11677]"
577,ATDLHEEQDRISR,5798197.0,3,"[14377, 15871, 16887]"
578,SIVATHVR,3204616.8,1,[1420]
579,AGESSLEECK,1424325.0,1,[920]
580,LLEEAEQQKR,860619.25,2,"[850, 10160]"
581,HFQAPSHIR,42200000.0,1,[17216]
582,LREKPYPHIQTSSQR,4768386.5,1,[16301]
583,GADTMDIHR,12800000.0,1,[20381]
584,AGMTHIVR,23800000.0,1,[54]
585,QREPSAEAVDAAR,7032570.0,2,"[19344, 20903]"
586,KAALQNYK,313023.6,6,"[3590, 4115, 5277, 6162, 6664, 10780]"
587,QNSVEETPYK,4177149.5,0,[]
588,VADISNEAR,60436.72,0,[]
589,AVGVELNKK,5596193.5,1,[1822]
590,VSSLAAER,39200000.0,1,[20408]
591,KTDIIKVR,595756.25,1,[1500]
592,MANTDLSR,43800000.0,1,[649]
593,AAAALEENER,9037194.0,2,"[1527, 10997]"
594,SGNFADSDPKVK,2301569.0,2,"[11280, 18971]"
595,NCSSLLSPVK,2243089.2,1,[4195]
596,KVETVIAR,18000000.0,1,[20105]
597,DVASQQQDEAR,85489.02,2,"[3031, 10429]"
598,RQGHWVGQCK,249814.34,1,[5020]
599,SVYAAEER,17000000.0,3,"[2827, 3113, 16535]"
600,ARPQRQASLGR,1055878.1,0,[]
601,GASYDEIKAK,5045258.5,1,[2836]
602,YATSQDESYR,2100657.8,3,"[1362, 6333, 11119]"
603,LTETLSDSLGK,11600000.0,1,[815]
604,SINNPDVR,18600000.0,3,"[4394, 8697, 12622]"
605,VVAQMGGER,1145682.4,1,[1012]
606,VLSKRSYDNER,1748567.5,1,[927]
607,QEQQAFAGSER,528264.6,1,[2123]
608,FIESSGQAR,4681922.5,2,"[11325, 15910]"
609,DREVIMK,5269909.5,1,[1441]
610,KALQALEHAR,10500000.0,1,[397]
611,IAVHCTVR,1659097.4,1,[8]
612,HFYLEKQK,20600000.0,1,[13463]
613,SFLSQVNWGR,40700000.0,1,[907]
614,DESGRVDPVAAK,963960.7,1,[3025]
615,NSHPLFK,9297981.0,1,[2004]
616,ESDRVPVHHSSLYR,10900000.0,1,[9708]
617,GLKANLAQR,804678.9,2,"[4763, 9777]"
618,VPGLDALKK,16200000.0,1,[2313]
619,VIDHFENRQQ,4928689.0,1,[6012]
620,TGHYNWR,3394023.8,1,[640]
621,MGSEVYHHLK,3493801.8,2,"[1792, 7825]"
622,NGRTVAENVSR,319754.16,2,"[3759, 5761]"
623,AEAEAISANNPK,25400000.0,2,"[3941, 8998]"
624,YQIGDMVR,190088.3,2,"[11400, 15063]"
625,DGDRYNNFNR,6723924.5,5,"[4348, 5816, 9947, 11269, 17501]"
626,TKLDEIK,3098531.5,1,[8612]
627,LSLQSKAFYK,185026.94,1,[12437]
628,EGCRIQGHLEVNR,162098.78,1,[19524]
629,AKYWQHFR,5965018.5,1,[17687]
630,KAFDSLK,524710.4,1,[14025]
631,VLKDMPR,23900000.0,2,"[18211, 20087]"
632,IAGKFAGIK,639523.06,1,[87]
633,VLSGGERKR,4393007.0,1,[643]
634,SNDSEWR,4607795.0,1,[16891]
635,QLDNPNYK,11200000.0,1,[1612]
636,VLSLPYETSR,4535974.5,1,[5978]
637,GLVMDHGAR,137790.02,1,[16558]
638,GIDINHKYDR,3753544.0,1,[245]
639,YPIGSGRVTFSNFR,1282568.8,4,"[12003, 15204, 16670, 18224]"
640,SGAVPSSPSAERDQHK,1964393.0,1,[13338]
641,SPYEVQR,7943407.5,7,"[1680, 4342, 4947, 6946, 7979, 10136, 16042]"
642,DSQGHVFATR,6324568.0,1,[246]
643,PTNPQLLNSDDPVQR,79711.74,1,[18603]
644,ASASSSSSIR,848720.94,1,[19875]
645,ISKDLLANLR,3488064.0,1,[440]
646,LGGGVSSYLR,2038883.6,7,"[6248, 6823, 6962, 9207, 10833, 13000, 18738]"
647,VAELETALR,755339.44,7,"[2169, 3963, 4546, 6521, 7183, 8549, 11535]"
648,KAELAGKAK,11100000.0,0,[]
649,RLSGGQILKR,10600000.0,1,[20595]
650,AGSVLDMWR,538700.44,1,[16733]
651,IGDLVLYAER,4154600.2,2,"[3822, 5119]"
652,NQLEEESEAR,1025101.3,1,[1259]
653,LAAINKAEEQR,929854.5,1,[12310]
654,TSTYGHFGR,20200000.0,2,"[2873, 8365]"
655,YDFQKEGR,3776295.0,1,[17567]
656,TISDQNVAAR,11200000.0,2,"[2845, 10329]"
657,VVTARFCQLDTGDSDACEILR,753494.56,1,[19663]
658,DLAKALAK,7849680.0,1,[8389]
659,KPSGGSVDK,117221.39,1,[1883]
660,QLHGSNSDLENR,1059769.0,1,[13043]
661,VNQHLLQAQK,3013852.8,1,[1749]
662,GDRDWVNR,101000000.0,1,[12036]
663,VSGSFTGDAK,5579204.0,2,"[2463, 10581]"
664,ANEVLGR,75000000.0,1,[11143]
665,RSLPPPTPPMMASR,143319.56,5,"[3256, 5784, 7837, 8557, 8886]"
666,HPVNSYLK,3435643.2,2,"[10470, 15667]"
667,EHALTSGTIR,10500000.0,1,[12160]
668,SEQGEDPAEVGR,3970584.2,5,"[3806, 9491, 10238, 17030, 19453]"
669,YAAKRFR,14500000.0,3,"[760, 777, 5363]"
670,ISYETNSER,7692143.5,5,"[3671, 5779, 6355, 6910, 10229]"
671,EHVLAVSR,53600000.0,1,[3348]
672,LHEDEQWTRQDR,5143944.0,23,"[3608, 4462, 4528, 4774, 5044, 5129, 5663, 6369, 6754, 6981, 7994, 8406, 8420, 8567, 9442, 10725, 10862, 11278, 11572, 11591, 11622, 11662, 11677]"
673,LAGANLTLADR,3763621.5,2,"[10644, 19869]"
674,IMNTNIDGKR,9332016.0,1,[396]
675,FYQHQENELK,32000000.0,1,[15660]
676,KKSSSISAR,164334.81,1,[16373]
677,LSEANSVNLSK,9008169.0,1,[20592]
678,FSDHTLDK,4991642.0,1,[3432]
679,MSMVEEDGEKR,5768665.0,1,[1025]
680,HQNEIQAIR,12300000.0,1,[1736]
681,KYHSVFK,4458533.0,1,[16289]
682,VDHDVFK,734299.4,1,[19524]
683,EMDPSSPDAAR,4895214.0,1,[12847]
684,SSQQSGDVAENQDQAESQAQER,242000000.0,1,[16301]
685,VTEPGEYR,598763.25,9,"[2734, 4457, 4631, 6148, 6547, 6801, 9639, 10111, 14158]"
686,DSGVGSTDDKDRSGR,128959.54,2,"[10732, 19970]"
687,MHTVLTR,106000000.0,1,[408]
688,AYHYLNSENTK,207000000.0,2,"[11169, 13786]"
689,VLLGKDPRR,548257.9,1,[3762]
690,HLQTSLQTAR,3998259.2,1,[1722]
691,LYFTGGGR,265030.3,1,[2029]
692,IFSSYSRR,158000000.0,2,"[11169, 13786]"
693,YDWSHNGR,24500000.0,23,"[3608, 4462, 4528, 4774, 5044, 5129, 5663, 6369, 6754, 6981, 7994, 8406, 8420, 8567, 9442, 10725, 10862, 11278, 11572, 11591, 11622, 11662, 11677]"
694,GYGVVSSK,9248830.0,2,"[4763, 9777]"
695,AFISEAHR,6045254.0,1,[18789]
696,YSPDINK,91700000.0,1,[20300]
697,DSYVGDEAQSK,22100000.0,5,"[1851, 2376, 2394, 2896, 3024]"
698,VRPQDLAR,5735211.0,1,[222]
699,ALHPYVAQR,2515217.2,1,[2024]
700,AQVANLTK,4147427.8,2,"[2067, 13304]"
701,AAVVHGAELR,1269915.8,3,"[1930, 9535, 13527]"
702,GNSFVAR,15300000.0,1,[20167]
703,KIDSDLEGHPTPR,8377146.0,2,"[10740, 17689]"
704,RTTPSPGALR,142000000.0,1,[14191]
705,QQEFIRER,14800000.0,1,[1575]
706,ALHEGAFASTK,146000000.0,2,"[11796, 20082]"
707,SSKVDINALVAEIAK,104519.55,1,[9839]
708,RLELDQR,31800000.0,1,[13884]
709,AAAAAVAVRAK,23500000.0,1,[15953]
710,IMAEEGPR,4973435.5,3,"[3049, 9571, 10258]"
711,VQESTAAPVAASNR,8255001.0,3,"[2933, 8500, 15702]"
712,MLSNMENR,25400000.0,1,[5698]
713,YTKIWSGPR,488654.94,0,[]
714,HTFAEAVGK,3871979.2,1,[18092]
715,MVQGLKDASVQR,21000000.0,1,[11161]
716,RAGPNYQEGLR,15100000.0,3,"[4394, 8697, 12622]"
717,KGSVEYLR,1217387.1,1,[13937]
718,ANAHGIDLNR,4647776.0,2,"[2419, 8937]"
719,DEDTNYGYPQKR,4380072.5,2,"[2801, 8924]"
720,GITTPENPFR,147000000.0,1,[3565]
721,KFYGLANR,123618.99,1,[16935]
722,GQDLAGSLGNR,704071.1,2,"[1809, 13828]"
723,AVNSSGYAFHSK,2274926.0,2,"[4763, 9777]"
724,DGSHLDSGPYR,4285629.0,5,"[3671, 5779, 6355, 6910, 10229]"
725,QVPSSALR,1613927.5,1,[13589]
726,VIQKFPENGR,927214.06,1,[19656]
727,QLVENAPGNR,41600000.0,1,[2957]
728,GAVPGGAPTGPAAAAASK,1037897.8,1,[18431]
729,LLQSQEQLR,499006.38,1,[2247]
730,ERFDSEMR,3854562.0,2,"[17193, 17683]"
731,AKSGSVEDSHFNK,72281.75,1,[11708]
732,FLNLLPAR,617089.8,2,"[9577, 17022]"
733,RAIYHATFR,3600625.0,1,[12920]
734,IGPEPTTDR,3991045.5,2,"[12530, 19776]"
735,IGREVAIR,12300000.0,1,[16638]
736,VAQGAGVMER,8913534.0,1,[14047]
737,ITDSMICAAVLGR,190101.4,1,[20855]
738,TQLRLEAER,1318235.2,2,"[6520, 18468]"
739,AHLENDAIATR,3729459.0,1,[3012]
740,RPGTQAPPTLER,40300000.0,2,"[4763, 9777]"
741,FTAAAINAGNADFR,1855849.1,0,[]
742,IRDLYQR,26000000.0,2,"[18455, 19015]"
743,KQEQLTDEYR,543492.44,1,[13362]
744,STAENSGTNPLR,1187695.5,1,[2262]
745,LANIAAGNK,2019202.2,1,[13484]
746,NLEKVHESFR,3544838.5,1,[2667]
747,THEDLTNYR,22300000.0,1,[3451]
748,IKKDPTANFTPR,607039.2,1,[1025]
749,SIIMLGHNASGR,3308572.5,0,[]
750,LLKSEEIR,9968403.0,1,[649]
751,ATGDAACAPYR,1449562.6,3,"[2176, 7911, 9272]"
752,RLSTSSTPESIR,129816.734,1,[17162]
753,NTNLNVDQR,1901883.8,1,[354]
754,RPEQLQPQQPQ,1852886.0,11,"[17, 3778, 5165, 6199, 6532, 6639, 6973, 7862, 8327, 10569, 21066]"
755,SGTTLMR,12000000.0,3,"[3557, 8429, 11932]"
756,KSSKTIDR,4439922.5,1,[865]
757,YGGGFGSR,20900000.0,2,"[2405, 3937]"
758,FAGGLAAVK,20100000.0,1,[17278]
759,GHLNAELRK,109104.04,1,[5257]
760,VVTVENAER,52500000.0,3,"[10759, 13325, 20751]"
761,SGEGMGIR,28500000.0,2,"[18211, 20087]"
762,IRVEMSSGR,5131197.5,3,"[919, 5700, 11991]"
763,ASVHIKVPK,3514867.0,2,"[2757, 5338]"
764,TMADIQR,48100000.0,1,[12298]
765,KTLEINPR,2251923.5,1,[16430]
766,YSGHSMSDPGTSYR,1627397.5,3,"[11779, 13851, 19807]"
767,SGSPVEYSGGR,1110000000.0,1,[3136]
768,KQQVLYQNSVR,60500000.0,1,[4487]
769,KDHSFDK,39800000.0,1,[12927]
770,QQVLYQNSVR,506487.06,1,[4487]
771,TATAPVNILGAK,3411163.5,5,"[5628, 8770, 11646, 13781, 15532]"
772,YVTAAGSTSVPITMKTQISDEFVKTR,82769.53,2,"[6068, 12158]"
773,HGLFEQK,40700000.0,1,[12680]
774,GTVVTGRLER,9123912.0,1,[18554]
775,KADEILER,1021425.6,1,[1993]
776,LSHENVELQR,3178871.8,1,[6344]
777,SGEYLAR,13100000.0,1,[13544]
778,NIGAQHAFGR,41500000.0,1,[686]
779,AHLVLNAK,3377031.8,1,[14610]
780,DMDDYSR,154000000.0,1,[2411]
781,KEEDDLYR,6778534.5,1,[3160]
782,TVPYSEK,620626.6,1,[554]
783,NNLLVEHGGR,12600000.0,1,[14446]
784,QYGQLQAGR,36200000.0,21,"[3608, 4462, 4528, 4774, 5044, 5129, 6369, 6754, 6981, 7994, 8406, 8420, 8567, 9442, 10725, 10862, 11572, 11591, 11622, 11662, 11677]"
785,KAAEAEASRSGK,17100000.0,1,[2540]
786,MAQMGQVRGK,8522478.0,1,[12429]
787,IVGFKPK,212000000.0,1,[6624]
788,FQAAMDQK,51500000.0,1,[7086]
789,AMAASYNNPER,12600000.0,2,"[7302, 12562]"
790,YLAEDQPR,3272692.5,1,[19811]
791,MLADQAEAR,31300000.0,1,[985]
792,STMDPVEK,26500000.0,1,[1059]
